1,2020-04-01,Andhra Pradesh,1,0,83
2,2020-04-01,Andaman and Nicobar Islands,0,0,10
3,2020-04-01,Assam,0,0,1
4,2020-04-01,Bihar,0,1,23
5,2020-04-01,Chandigarh,0,0,16
6,2020-04-01,Chhattisgarh,2,0,9
7,2020-04-01,Delhi,6,2,152
8,2020-04-01,Goa,0,0,5
9,2020-04-01,Gujarat,5,6,82
10,2020-04-01,Haryana,21,0,43
11,2020-04-01,Himachal Pradesh,0,1,3
12,2020-04-01,Jammu and Kashmir,2,2,62
13,2020-04-01,Jharkhand,0,0,1
14,2020-04-01,Karnataka,8,3,101
15,2020-04-01,Kerala,23,2,241
16,2020-04-01,Ladakh,3,0,13
17,2020-04-01,Madhya Pradesh,0,3,66
18,2020-04-01,Maharashtra,39,9,302
19,2020-04-01,Manipur,0,0,1
20,2020-04-01,Mizoram,0,0,1
21,2020-04-01,Odisha,0,0,4
22,2020-04-01,Puducherry,1,0,3
23,2020-04-01,Punjab,1,3,42
24,2020-04-01,Rajasthan,3,0,93
25,2020-04-01,Tamil Nadu,6,1,234
26,2020-04-01,Telangana,1,3,96
27,2020-04-01,Uttarakhand,2,0,7
28,2020-04-01,Uttar Pradesh,14,2,103
29,2020-04-01,West Bengal,6,3,37
30,2020-04-02,Andhra Pradesh,1,1,86
31,2020-04-02,Andaman and Nicobar Islands,0,0,10
32,2020-04-02,Assam,0,0,5
33,2020-04-02,Bihar,0,1,24
34,2020-04-02,Chandigarh,0,0,16
35,2020-04-02,Chhattisgarh,2,0,9
36,2020-04-02,Delhi,8,4,219
37,2020-04-02,Goa,0,0,5
38,2020-04-02,Gujarat,8,7,87
39,2020-04-02,Haryana,21,0,43
40,2020-04-02,Himachal Pradesh,1,1,3
41,2020-04-02,Jammu and Kashmir,2,2,62
42,2020-04-02,Jharkhand,0,0,1
43,2020-04-02,Karnataka,9,3,110
44,2020-04-02,Kerala,25,2,265
45,2020-04-02,Ladakh,3,0,13
46,2020-04-02,Madhya Pradesh,0,6,99
47,2020-04-02,Maharashtra,42,13,335
48,2020-04-02,Manipur,0,0,1
49,2020-04-02,Mizoram,0,0,1
50,2020-04-02,Odisha,0,0,4
51,2020-04-02,Puducherry,1,0,3
52,2020-04-02,Punjab,1,4,46
53,2020-04-02,Rajasthan,3,0,108
54,2020-04-02,Tamil Nadu,6,1,234
55,2020-04-02,Telangana,1,3,107
56,2020-04-02,Uttarakhand,2,0,7
57,2020-04-02,Uttar Pradesh,14,2,113
58,2020-04-02,West Bengal,6,3,53
59,2020-04-03,Andhra Pradesh,1,1,132
60,2020-04-03,Andaman and Nicobar Islands,0,0,10
61,2020-04-03,Arunachal Pradesh,0,0,1
62,2020-04-03,Assam,0,0,16
63,2020-04-03,Bihar,0,1,29
64,2020-04-03,Chandigarh,0,0,18
65,2020-04-03,Chhattisgarh,3,0,9
66,2020-04-03,Delhi,8,4,219
67,2020-04-03,Goa,0,0,6
68,2020-04-03,Gujarat,10,8,95
69,2020-04-03,Haryana,24,0,49
70,2020-04-03,Himachal Pradesh,1,1,6
71,2020-04-03,Jammu and Kashmir,3,2,75
72,2020-04-03,Jharkhand,0,0,2
73,2020-04-03,Karnataka,10,3,124
74,2020-04-03,Kerala,27,2,286
75,2020-04-03,Ladakh,3,0,14
76,2020-04-03,Madhya Pradesh,0,6,104
77,2020-04-03,Maharashtra,42,16,335
78,2020-04-03,Manipur,0,0,2
79,2020-04-03,Mizoram,0,0,1
80,2020-04-03,Odisha,0,0,5
81,2020-04-03,Puducherry,1,0,5
82,2020-04-03,Punjab,1,5,48
83,2020-04-03,Rajasthan,3,0,167
84,2020-04-03,Tamil Nadu,6,1,309
85,2020-04-03,Telangana,1,7,158
86,2020-04-03,Uttarakhand,2,0,10
87,2020-04-03,Uttar Pradesh,14,2,172
88,2020-04-03,West Bengal,3,3,63
89,2020-04-03,Unassigned,0,0,77
90,2020-04-04,Andhra Pradesh,1,1,161
91,2020-04-04,Andaman and Nicobar Islands,0,0,10
92,2020-04-04,Arunachal Pradesh,0,0,1
93,2020-04-04,Assam,0,0,24
94,2020-04-04,Bihar,0,1,30
95,2020-04-04,Chandigarh,0,0,18
96,2020-04-04,Chhattisgarh,3,0,9
97,2020-04-04,Delhi,15,6,445
98,2020-04-04,Goa,0,0,7
99,2020-04-04,Gujarat,14,10,105
100,2020-04-04,Haryana,24,0,49
101,2020-04-04,Himachal Pradesh,1,1,6
102,2020-04-04,Jammu and Kashmir,3,2,75
103,2020-04-04,Jharkhand,0,0,2
104,2020-04-04,Karnataka,12,3,128
105,2020-04-04,Kerala,41,2,295
106,2020-04-04,Ladakh,3,0,14
107,2020-04-04,Madhya Pradesh,0,6,104
108,2020-04-04,Maharashtra,42,24,490
109,2020-04-04,Manipur,0,0,2
110,2020-04-04,Mizoram,0,0,1
111,2020-04-04,Odisha,0,0,5
112,2020-04-04,Puducherry,1,0,5
113,2020-04-04,Punjab,1,5,57
114,2020-04-04,Rajasthan,21,0,200
115,2020-04-04,Tamil Nadu,6,2,411
116,2020-04-04,Telangana,1,7,159
117,2020-04-04,Uttarakhand,2,0,16
118,2020-04-04,Uttar Pradesh,19,2,174
119,2020-04-04,West Bengal,3,3,69
120,2020-04-05,Andhra Pradesh,1,1,190
121,2020-04-05,Andaman and Nicobar Islands,0,0,10
122,2020-04-05,Arunachal Pradesh,0,0,1
123,2020-04-05,Assam,0,0,26
124,2020-04-05,Bihar,0,1,30
125,2020-04-05,Chandigarh,0,0,18
126,2020-04-05,Chhattisgarh,3,0,9
127,2020-04-05,Delhi,18,7,503
128,2020-04-05,Goa,0,0,7
129,2020-04-05,Gujarat,18,11,122
130,2020-04-05,Haryana,25,1,59
131,2020-04-05,Himachal Pradesh,1,1,6
132,2020-04-05,Jammu and Kashmir,4,2,106
133,2020-04-05,Jharkhand,0,0,3
134,2020-04-05,Karnataka,12,4,144
135,2020-04-05,Kerala,49,2,306
136,2020-04-05,Ladakh,10,0,14
137,2020-04-05,Madhya Pradesh,0,9,165
138,2020-04-05,Maharashtra,42,24,490
139,2020-04-05,Manipur,0,0,2
140,2020-04-05,Mizoram,0,0,1
141,2020-04-05,Odisha,0,0,20
142,2020-04-05,Puducherry,1,0,5
143,2020-04-05,Punjab,1,5,57
144,2020-04-05,Rajasthan,21,0,200
145,2020-04-05,Tamil Nadu,6,3,485
146,2020-04-05,Telangana,32,7,269
147,2020-04-05,Uttarakhand,2,0,22
148,2020-04-05,Uttar Pradesh,19,2,227
149,2020-04-05,West Bengal,10,3,80
150,2020-04-06,Andhra Pradesh,1,3,226
151,2020-04-06,Andaman and Nicobar Islands,0,0,10
152,2020-04-06,Arunachal Pradesh,0,0,1
153,2020-04-06,Assam,0,0,26
154,2020-04-06,Bihar,0,1,32
155,2020-04-06,Chandigarh,0,0,18
156,2020-04-06,Chhattisgarh,8,0,10
157,2020-04-06,Delhi,19,7,523
158,2020-04-06,Goa,0,0,7
159,2020-04-06,Gujarat,22,12,144
160,2020-04-06,Haryana,25,1,84
161,2020-04-06,Himachal Pradesh,2,1,13
162,2020-04-06,Jammu and Kashmir,4,2,109
163,2020-04-06,Jharkhand,0,0,4
164,2020-04-06,Karnataka,12,4,151
165,2020-04-06,Kerala,55,2,314
166,2020-04-06,Ladakh,10,0,14
167,2020-04-06,Madhya Pradesh,0,9,165
168,2020-04-06,Maharashtra,56,45,748
169,2020-04-06,Manipur,0,0,2
170,2020-04-06,Mizoram,0,0,1
171,2020-04-06,Odisha,2,0,21
172,2020-04-06,Puducherry,1,0,5
173,2020-04-06,Punjab,4,6,76
174,2020-04-06,Rajasthan,21,0,274
175,2020-04-06,Tamil Nadu,8,5,571
176,2020-04-06,Telangana,34,7,321
177,2020-04-06,Uttarakhand,4,0,26
178,2020-04-06,Uttar Pradesh,21,3,305
179,2020-04-06,West Bengal,10,3,80
180,2020-04-07,Andhra Pradesh,1,3,266
181,2020-04-07,Andaman and Nicobar Islands,0,0,10
182,2020-04-07,Arunachal Pradesh,0,0,1
183,2020-04-07,Assam,0,0,26
184,2020-04-07,Bihar,0,1,32
185,2020-04-07,Chandigarh,7,0,18
186,2020-04-07,Chhattisgarh,9,0,10
187,2020-04-07,Delhi,21,7,576
188,2020-04-07,Goa,0,0,7
189,2020-04-07,Gujarat,25,13,165
190,2020-04-07,Haryana,25,1,90
191,2020-04-07,Himachal Pradesh,2,1,13
192,2020-04-07,Jammu and Kashmir,4,2,116
193,2020-04-07,Jharkhand,0,0,4
194,2020-04-07,Karnataka,25,4,175
195,2020-04-07,Kerala,58,2,327
196,2020-04-07,Ladakh,10,0,14
197,2020-04-07,Madhya Pradesh,0,13,229
198,2020-04-07,Maharashtra,56,48,868
199,2020-04-07,Manipur,0,0,2
200,2020-04-07,Mizoram,0,0,1
201,2020-04-07,Odisha,2,1,42
202,2020-04-07,Puducherry,1,0,5
203,2020-04-07,Punjab,4,7,91
204,2020-04-07,Rajasthan,21,3,288
205,2020-04-07,Tamil Nadu,8,5,621
206,2020-04-07,Telangana,35,7,364
207,2020-04-07,Tripura,0,0,1
208,2020-04-07,Uttarakhand,5,0,31
209,2020-04-07,Uttar Pradesh,21,3,305
210,2020-04-07,West Bengal,13,3,91
211,2020-04-08,Andhra Pradesh,5,4,305
212,2020-04-08,Andaman and Nicobar Islands,0,0,10
213,2020-04-08,Arunachal Pradesh,0,0,1
214,2020-04-08,Assam,0,0,27
215,2020-04-08,Bihar,0,1,38
216,2020-04-08,Chandigarh,7,0,18
217,2020-04-08,Chhattisgarh,9,0,10
218,2020-04-08,Delhi,21,9,576
219,2020-04-08,Goa,0,0,7
220,2020-04-08,Gujarat,25,13,165
221,2020-04-08,Haryana,28,3,147
222,2020-04-08,Himachal Pradesh,2,1,18
223,2020-04-08,Jammu and Kashmir,4,2,116
224,2020-04-08,Jharkhand,0,0,4
225,2020-04-08,Karnataka,25,4,175
226,2020-04-08,Kerala,70,2,336
227,2020-04-08,Ladakh,10,0,14
228,2020-04-08,Madhya Pradesh,0,13,229
229,2020-04-08,Maharashtra,79,64,1018
230,2020-04-08,Manipur,0,0,2
231,2020-04-08,Mizoram,0,0,1
232,2020-04-08,Odisha,2,1,42
233,2020-04-08,Puducherry,1,0,5
234,2020-04-08,Punjab,4,7,91
235,2020-04-08,Rajasthan,21,3,328
236,2020-04-08,Tamil Nadu,19,7,690
237,2020-04-08,Telangana,35,7,427
238,2020-04-08,Tripura,0,0,1
239,2020-04-08,Uttarakhand,5,0,31
240,2020-04-08,Uttar Pradesh,26,3,343
241,2020-04-08,West Bengal,13,5,99
242,2020-04-09,Andhra Pradesh,6,4,348
243,2020-04-09,Andaman and Nicobar Islands,0,0,11
244,2020-04-09,Arunachal Pradesh,0,0,1
245,2020-04-09,Assam,0,0,28
246,2020-04-09,Bihar,0,1,39
247,2020-04-09,Chandigarh,7,0,18
248,2020-04-09,Chhattisgarh,9,0,10
249,2020-04-09,Delhi,21,9,669
250,2020-04-09,Goa,0,0,7
251,2020-04-09,Gujarat,25,16,179
252,2020-04-09,Haryana,29,3,169
253,2020-04-09,Himachal Pradesh,2,1,18
254,2020-04-09,Jammu and Kashmir,4,4,158
255,2020-04-09,Jharkhand,0,0,13
256,2020-04-09,Karnataka,28,5,181
257,2020-04-09,Kerala,83,2,345
258,2020-04-09,Ladakh,10,0,14
259,2020-04-09,Madhya Pradesh,0,16,259
260,2020-04-09,Maharashtra,117,72,1135
261,2020-04-09,Manipur,1,0,2
262,2020-04-09,Mizoram,0,0,1
263,2020-04-09,Odisha,2,1,42
264,2020-04-09,Puducherry,1,0,5
265,2020-04-09,Punjab,4,8,101
266,2020-04-09,Rajasthan,21,3,383
267,2020-04-09,Tamil Nadu,21,8,738
268,2020-04-09,Telangana,35,7,442
269,2020-04-09,Tripura,0,0,1
270,2020-04-09,Uttarakhand,5,0,35
271,2020-04-09,Uttar Pradesh,31,4,410
272,2020-04-09,West Bengal,16,5,103
273,2020-04-10,Andhra Pradesh,7,6,363
274,2020-04-10,Andaman and Nicobar Islands,0,0,11
275,2020-04-10,Arunachal Pradesh,0,0,1
276,2020-04-10,Assam,0,0,29
277,2020-04-10,Bihar,0,1,60
278,2020-04-10,Chandigarh,7,0,18
279,2020-04-10,Chhattisgarh,9,0,10
280,2020-04-10,Delhi,25,13,898
281,2020-04-10,Goa,1,0,7
282,2020-04-10,Gujarat,26,17,241
283,2020-04-10,Haryana,29,3,169
284,2020-04-10,Himachal Pradesh,6,1,28
285,2020-04-10,Jammu and Kashmir,6,4,184
286,2020-04-10,Jharkhand,0,1,13
287,2020-04-10,Karnataka,30,6,197
288,2020-04-10,Kerala,96,2,357
289,2020-04-10,Ladakh,10,0,15
290,2020-04-10,Madhya Pradesh,0,16,259
291,2020-04-10,Maharashtra,125,97,1364
292,2020-04-10,Manipur,1,0,2
293,2020-04-10,Mizoram,0,0,1
294,2020-04-10,Odisha,2,1,44
295,2020-04-10,Puducherry,1,0,5
296,2020-04-10,Punjab,5,11,132
297,2020-04-10,Rajasthan,21,3,463
298,2020-04-10,Tamil Nadu,21,8,834
299,2020-04-10,Telangana,35,7,473
300,2020-04-10,Tripura,0,0,1
301,2020-04-10,Uttarakhand,5,0,35
302,2020-04-10,Uttar Pradesh,32,4,431
303,2020-04-10,West Bengal,16,5,116
304,2020-04-11,Andhra Pradesh,11,6,381
305,2020-04-11,Andaman and Nicobar Islands,0,0,11
306,2020-04-11,Arunachal Pradesh,0,0,1
307,2020-04-11,Assam,0,1,29
308,2020-04-11,Bihar,0,1,60
309,2020-04-11,Chandigarh,7,0,18
310,2020-04-11,Chhattisgarh,9,0,18
311,2020-04-11,Delhi,25,14,903
312,2020-04-11,Goa,1,0,7
313,2020-04-11,Gujarat,31,19,308
314,2020-04-11,Haryana,29,3,177
315,2020-04-11,Himachal Pradesh,6,1,28
316,2020-04-11,Jammu and Kashmir,6,4,207
317,2020-04-11,Jharkhand,0,1,17
318,2020-04-11,Karnataka,37,6,214
319,2020-04-11,Kerala,123,2,364
320,2020-04-11,Ladakh,10,0,15
321,2020-04-11,Madhya Pradesh,0,33,443
322,2020-04-11,Maharashtra,188,110,1574
323,2020-04-11,Manipur,1,0,2
324,2020-04-11,Mizoram,0,0,1
325,2020-04-11,Odisha,2,1,48
326,2020-04-11,Puducherry,1,0,7
327,2020-04-11,Punjab,5,11,132
328,2020-04-11,Rajasthan,21,3,553
329,2020-04-11,Tamil Nadu,44,8,911
330,2020-04-11,Telangana,43,9,504
331,2020-04-11,Tripura,0,0,2
332,2020-04-11,Uttarakhand,5,0,35
333,2020-04-11,Uttar Pradesh,32,4,433
334,2020-04-11,West Bengal,16,5,126
335,2020-04-12,Andhra Pradesh,11,6,381
336,2020-04-12,Andaman and Nicobar Islands,10,0,11
337,2020-04-12,Arunachal Pradesh,0,0,1
338,2020-04-12,Assam,0,1,29
339,2020-04-12,Bihar,19,1,64
340,2020-04-12,Chandigarh,7,0,19
341,2020-04-12,Chhattisgarh,10,0,25
342,2020-04-12,Delhi,25,19,1069
343,2020-04-12,Goa,5,0,7
344,2020-04-12,Gujarat,44,22,432
345,2020-04-12,Haryana,29,3,185
346,2020-04-12,Himachal Pradesh,6,1,32
347,2020-04-12,Jammu and Kashmir,6,4,224
348,2020-04-12,Jharkhand,0,1,17
349,2020-04-12,Karnataka,37,6,226
350,2020-04-12,Kerala,142,2,374
351,2020-04-12,Ladakh,10,0,15
352,2020-04-12,Madhya Pradesh,0,36,564
353,2020-04-12,Maharashtra,208,127,1761
354,2020-04-12,Manipur,1,0,2
355,2020-04-12,Mizoram,0,0,1
356,2020-04-12,Odisha,12,1,54
357,2020-04-12,Puducherry,1,0,7
358,2020-04-12,Punjab,5,11,151
359,2020-04-12,Rajasthan,21,3,700
360,2020-04-12,Tamil Nadu,44,10,969
361,2020-04-12,Telangana,43,9,504
362,2020-04-12,Tripura,0,0,2
363,2020-04-12,Uttarakhand,5,0,35
364,2020-04-12,Uttar Pradesh,45,5,452
365,2020-04-12,West Bengal,19,5,134
366,2020-04-13,Andhra Pradesh,11,7,432
367,2020-04-13,Andaman and Nicobar Islands,10,0,11
368,2020-04-13,Arunachal Pradesh,0,0,1
369,2020-04-13,Assam,0,1,31
370,2020-04-13,Bihar,26,1,64
371,2020-04-13,Chandigarh,7,0,21
372,2020-04-13,Chhattisgarh,10,0,31
373,2020-04-13,Delhi,27,24,1154
374,2020-04-13,Goa,5,0,7
375,2020-04-13,Gujarat,47,26,539
376,2020-04-13,Haryana,29,3,185
377,2020-04-13,Himachal Pradesh,13,1,32
378,2020-04-13,Jammu and Kashmir,6,4,245
379,2020-04-13,Jharkhand,0,2,19
380,2020-04-13,Karnataka,59,6,247
381,2020-04-13,Kerala,179,3,376
382,2020-04-13,Ladakh,10,0,15
383,2020-04-13,Madhya Pradesh,44,43,604
384,2020-04-13,Maharashtra,217,149,1985
385,2020-04-13,Manipur,1,0,2
386,2020-04-13,Mizoram,0,0,1
387,2020-04-13,Nagaland,0,0,1
388,2020-04-13,Odisha,12,1,54
389,2020-04-13,Puducherry,1,0,7
390,2020-04-13,Punjab,14,11,167
391,2020-04-13,Rajasthan,21,3,812
392,2020-04-13,Tamil Nadu,50,11,1075
393,2020-04-13,Telangana,100,16,562
394,2020-04-13,Tripura,0,0,2
395,2020-04-13,Uttarakhand,5,0,35
396,2020-04-13,Uttar Pradesh,47,5,483
397,2020-04-13,West Bengal,29,7,152
398,2020-04-14,Andhra Pradesh,14,9,473
399,2020-04-14,Andaman and Nicobar Islands,10,0,11
400,2020-04-14,Arunachal Pradesh,0,0,1
401,2020-04-14,Assam,0,1,31
402,2020-04-14,Bihar,26,1,66
403,2020-04-14,Chandigarh,7,0,21
404,2020-04-14,Chhattisgarh,10,0,31
405,2020-04-14,Delhi,30,28,1510
406,2020-04-14,Goa,5,0,7
407,2020-04-14,Gujarat,55,26,617
408,2020-04-14,Haryana,34,3,199
409,2020-04-14,Himachal Pradesh,13,1,32
410,2020-04-14,Jammu and Kashmir,16,4,270
411,2020-04-14,Jharkhand,0,2,24
412,2020-04-14,Karnataka,65,9,258
413,2020-04-14,Kerala,198,3,379
414,2020-04-14,Ladakh,10,0,15
415,2020-04-14,Madhya Pradesh,51,50,730
416,2020-04-14,Maharashtra,229,160,2337
417,2020-04-14,Manipur,1,0,2
418,2020-04-14,Meghalaya,0,0,1
419,2020-04-14,Mizoram,0,0,1
420,2020-04-14,Nagaland,0,0,1
421,2020-04-14,Odisha,18,1,55
422,2020-04-14,Puducherry,1,0,7
423,2020-04-14,Punjab,14,12,176
424,2020-04-14,Rajasthan,133,3,879
425,2020-04-14,Tamil Nadu,58,11,1173
426,2020-04-14,Telangana,100,17,624
427,2020-04-14,Tripura,0,0,2
428,2020-04-14,Uttarakhand,7,0,35
429,2020-04-14,Uttar Pradesh,49,5,657
430,2020-04-14,West Bengal,36,7,190
431,2020-04-15,Andaman and Nicobar Islands,10,0,11
432,2020-04-15,Andhra Pradesh,16,9,503
433,2020-04-15,Arunachal Pradesh,0,0,1
434,2020-04-15,Assam,0,1,33
435,2020-04-15,Bihar,29,1,70
436,2020-04-15,Chandigarh,7,0,21
437,2020-04-15,Chhattisgarh,13,0,33
438,2020-04-15,Delhi,30,30,1561
439,2020-04-15,Goa,5,0,7
440,2020-04-15,Gujarat,59,30,695
441,2020-04-15,Haryana,34,3,199
442,2020-04-15,Himachal Pradesh,13,1,33
443,2020-04-15,Jammu and Kashmir,30,4,278
444,2020-04-15,Jharkhand,0,2,27
445,2020-04-15,Karnataka,75,11,277
446,2020-04-15,Kerala,211,3,387
447,2020-04-15,Ladakh,10,0,17
448,2020-04-15,Madhya Pradesh,64,53,987
449,2020-04-15,Maharashtra,259,178,2687
450,2020-04-15,Manipur,1,0,2
451,2020-04-15,Meghalaya,0,1,7
452,2020-04-15,Mizoram,0,0,1
453,2020-04-15,Nagaland,0,0,0
454,2020-04-15,Odisha,18,1,60
455,2020-04-15,Puducherry,1,0,7
456,2020-04-15,Punjab,14,13,186
457,2020-04-15,Rajasthan,147,3,1005
458,2020-04-15,Tamil Nadu,81,12,1204
459,2020-04-15,Telangana,120,18,647
460,2020-04-15,Tripura,0,0,2
461,2020-04-15,Uttarakhand,9,0,37
462,2020-04-15,Uttar Pradesh,51,11,735
463,2020-04-15,West Bengal,37,7,213
464,2020-04-16,Andaman and Nicobar Islands,10,0,11
465,2020-04-16,Andhra Pradesh,20,14,534
466,2020-04-16,Arunachal Pradesh,0,0,1
467,2020-04-16,Assam,5,1,33
468,2020-04-16,Bihar,29,1,74
469,2020-04-16,Chandigarh,7,0,21
470,2020-04-16,Chhattisgarh,17,0,33
471,2020-04-16,Delhi,42,32,1578
472,2020-04-16,Goa,5,0,7
473,2020-04-16,Gujarat,64,36,871
474,2020-04-16,Haryana,43,3,205
475,2020-04-16,Himachal Pradesh,16,1,35
476,2020-04-16,Jammu and Kashmir,36,4,300
477,2020-04-16,Jharkhand,0,2,28
478,2020-04-16,Karnataka,82,13,315
479,2020-04-16,Kerala,218,3,388
480,2020-04-16,Ladakh,10,0,17
481,2020-04-16,Madhya Pradesh,64,53,1120
482,2020-04-16,Maharashtra,295,187,2919
483,2020-04-16,Manipur,1,0,2
484,2020-04-16,Meghalaya,0,1,7
485,2020-04-16,Mizoram,0,0,1
486,2020-04-16,Nagaland,0,0,0
487,2020-04-16,Odisha,18,1,60
488,2020-04-16,Puducherry,1,0,7
489,2020-04-16,Punjab,27,13,186
490,2020-04-16,Rajasthan,147,3,1023
491,2020-04-16,Tamil Nadu,118,14,1242
492,2020-04-16,Telangana,120,18,698
493,2020-04-16,Tripura,1,0,2
494,2020-04-16,Uttarakhand,9,0,37
495,2020-04-16,Uttar Pradesh,68,13,773
496,2020-04-16,West Bengal,42,7,231
497,2020-04-17,Andaman and Nicobar Islands,10,0,11
498,2020-04-17,Andhra Pradesh,36,14,572
499,2020-04-17,Arunachal Pradesh,0,0,1
500,2020-04-17,Assam,5,1,35
501,2020-04-17,Bihar,37,1,83
502,2020-04-17,Chandigarh,9,0,21
503,2020-04-17,Chhattisgarh,23,0,36
504,2020-04-17,Delhi,51,38,1640
505,2020-04-17,Goa,6,0,7
506,2020-04-17,Gujarat,74,38,1021
507,2020-04-17,Haryana,43,3,205
508,2020-04-17,Himachal Pradesh,16,1,35
509,2020-04-17,Jammu and Kashmir,38,4,314
510,2020-04-17,Jharkhand,0,2,29
511,2020-04-17,Karnataka,82,13,353
512,2020-04-17,Kerala,245,3,395
513,2020-04-17,Ladakh,14,0,18
514,2020-04-17,Madhya Pradesh,65,57,1308
515,2020-04-17,Maharashtra,300,194,3205
516,2020-04-17,Manipur,1,0,2
517,2020-04-17,Meghalaya,0,1,9
518,2020-04-17,Mizoram,0,0,1
519,2020-04-17,Nagaland,0,0,0
520,2020-04-17,Odisha,19,1,60
521,2020-04-17,Puducherry,1,0,7
522,2020-04-17,Punjab,27,13,186
523,2020-04-17,Rajasthan,164,11,1131
524,2020-04-17,Tamil Nadu,180,15,1267
525,2020-04-17,Telangana,186,18,743
526,2020-04-17,Tripura,1,0,2
527,2020-04-17,Uttarakhand,9,0,37
528,2020-04-17,Uttar Pradesh,74,14,846
529,2020-04-17,West Bengal,51,10,255
530,2020-04-18,Andaman and Nicobar Islands,11,0,12
531,2020-04-18,Andhra Pradesh,42,15,603
532,2020-04-18,Arunachal Pradesh,0,0,1
533,2020-04-18,Assam,9,1,35
534,2020-04-18,Bihar,37,2,85
535,2020-04-18,Chandigarh,9,0,21
536,2020-04-18,Chhattisgarh,24,0,36
537,2020-04-18,Delhi,72,42,1707
538,2020-04-18,Goa,6,0,7
539,2020-04-18,Gujarat,88,48,1272
540,2020-04-18,Haryana,43,3,225
541,2020-04-18,Himachal Pradesh,16,1,38
542,2020-04-18,Jammu and Kashmir,42,5,328
543,2020-04-18,Jharkhand,0,2,33
544,2020-04-18,Karnataka,92,13,371
545,2020-04-18,Kerala,255,3,396
546,2020-04-18,Ladakh,14,0,18
547,2020-04-18,Madhya Pradesh,69,69,1355
548,2020-04-18,Maharashtra,331,201,3323
549,2020-04-18,Manipur,1,0,2
550,2020-04-18,Meghalaya,0,1,11
551,2020-04-18,Mizoram,0,0,1
552,2020-04-18,Nagaland,0,0,0
553,2020-04-18,Odisha,21,1,60
554,2020-04-18,Puducherry,3,0,7
555,2020-04-18,Punjab,27,13,202
556,2020-04-18,Rajasthan,183,11,1229
557,2020-04-18,Tamil Nadu,283,15,1323
558,2020-04-18,Telangana,186,18,791
559,2020-04-18,Tripura,1,0,2
560,2020-04-18,Uttarakhand,9,0,42
561,2020-04-18,Uttar Pradesh,86,14,969
562,2020-04-18,West Bengal,55,10,287
563,2020-04-19,Andaman and Nicobar Islands,11,0,14
564,2020-04-19,Andhra Pradesh,42,15,603
565,2020-04-19,Arunachal Pradesh,0,0,1
566,2020-04-19,Assam,12,1,35
567,2020-04-19,Bihar,37,2,86
568,2020-04-19,Chandigarh,10,0,23
569,2020-04-19,Chhattisgarh,24,0,36
570,2020-04-19,Delhi,72,43,1893
571,2020-04-19,Goa,6,0,7
572,2020-04-19,Gujarat,94,58,1604
573,2020-04-19,Haryana,87,3,233
574,2020-04-19,Himachal Pradesh,16,1,39
575,2020-04-19,Jammu and Kashmir,51,5,341
576,2020-04-19,Jharkhand,0,2,35
577,2020-04-19,Karnataka,104,14,384
578,2020-04-19,Kerala,257,3,400
579,2020-04-19,Ladakh,14,0,18
580,2020-04-19,Madhya Pradesh,127,70,1407
581,2020-04-19,Maharashtra,365,211,3651
582,2020-04-19,Manipur,1,0,2
583,2020-04-19,Meghalaya,0,1,11
584,2020-04-19,Mizoram,0,0,1
585,2020-04-19,Nagaland,0,0,0
586,2020-04-19,Odisha,24,1,61
587,2020-04-19,Puducherry,3,0,7
588,2020-04-19,Punjab,31,16,219
589,2020-04-19,Rajasthan,183,11,1351
590,2020-04-19,Tamil Nadu,365,15,1372
591,2020-04-19,Telangana,186,18,844
592,2020-04-19,Tripura,1,0,2
593,2020-04-19,Uttarakhand,9,0,42
594,2020-04-19,Uttar Pradesh,108,17,1084
595,2020-04-19,West Bengal,62,12,310
596,2020-04-20,Andaman and Nicobar Islands,11,0,15
597,2020-04-20,Andhra Pradesh,92,20,722
598,2020-04-20,Arunachal Pradesh,0,0,1
599,2020-04-20,Assam,17,1,35
600,2020-04-20,Bihar,42,2,96
601,2020-04-20,Chandigarh,13,0,26
602,2020-04-20,Chhattisgarh,25,0,36
603,2020-04-20,Delhi,290,45,2003
604,2020-04-20,Goa,7,0,7
605,2020-04-20,Gujarat,106,67,1851
606,2020-04-20,Haryana,87,3,233
607,2020-04-20,Himachal Pradesh,16,1,39
608,2020-04-20,Jammu and Kashmir,56,5,350
609,2020-04-20,Jharkhand,0,2,42
610,2020-04-20,Karnataka,111,16,395
611,2020-04-20,Kerala,270,3,402
612,2020-04-20,Ladakh,14,0,18
613,2020-04-20,Madhya Pradesh,127,74,1485
614,2020-04-20,Maharashtra,507,223,4203
615,2020-04-20,Manipur,2,0,2
616,2020-04-20,Meghalaya,0,1,11
617,2020-04-20,Mizoram,0,0,1
618,2020-04-20,Nagaland,0,0,0
619,2020-04-20,Odisha,24,1,68
620,2020-04-20,Puducherry,3,0,7
621,2020-04-20,Punjab,31,16,219
622,2020-04-20,Rajasthan,183,14,1478
623,2020-04-20,Tamil Nadu,411,15,1477
624,2020-04-20,Telangana,190,21,873
625,2020-04-20,Tripura,1,0,2
626,2020-04-20,Uttarakhand,11,0,44
627,2020-04-20,Uttar Pradesh,129,17,1176
628,2020-04-20,West Bengal,66,12,339
629,2020-04-21,Andaman and Nicobar Islands,11,0,16
630,2020-04-21,Andhra Pradesh,96,22,757
631,2020-04-21,Arunachal Pradesh,1,0,1
632,2020-04-21,Assam,19,1,35
633,2020-04-21,Bihar,42,2,114
634,2020-04-21,Chandigarh,13,0,26
635,2020-04-21,Chhattisgarh,25,0,36
636,2020-04-21,Delhi,431,47,2081
637,2020-04-21,Goa,7,0,7
638,2020-04-21,Gujarat,131,77,2066
639,2020-04-21,Haryana,127,3,254
640,2020-04-21,Himachal Pradesh,16,1,39
641,2020-04-21,Jammu and Kashmir,71,5,368
642,2020-04-21,Jharkhand,0,2,46
643,2020-04-21,Karnataka,114,17,415
644,2020-04-21,Kerala,291,3,408
645,2020-04-21,Ladakh,14,0,18
646,2020-04-21,Madhya Pradesh,127,76,1540
647,2020-04-21,Maharashtra,572,232,4669
648,2020-04-21,Manipur,2,0,2
649,2020-04-21,Meghalaya,0,1,11
650,2020-04-21,Mizoram,0,0,1
651,2020-04-21,Nagaland,0,0,0
652,2020-04-21,Odisha,24,1,74
653,2020-04-21,Puducherry,3,0,7
654,2020-04-21,Punjab,39,16,245
655,2020-04-21,Rajasthan,205,25,1576
656,2020-04-21,Tamil Nadu,457,17,1520
657,2020-04-21,Telangana,190,23,919
658,2020-04-21,Tripura,1,0,2
659,2020-04-21,Uttarakhand,18,0,46
660,2020-04-21,Uttar Pradesh,140,20,1294
661,2020-04-21,West Bengal,73,12,392
662,2020-04-22,Andaman and Nicobar Islands,11,0,17
663,2020-04-22,Andhra Pradesh,120,24,813
664,2020-04-22,Arunachal Pradesh,1,0,1
665,2020-04-22,Assam,19,1,35
666,2020-04-22,Bihar,46,2,126
667,2020-04-22,Chandigarh,14,0,27
668,2020-04-22,Chhattisgarh,26,0,36
669,2020-04-22,Delhi,611,47,2156
670,2020-04-22,Goa,7,0,7
671,2020-04-22,Gujarat,144,95,2272
672,2020-04-22,Haryana,127,3,254
673,2020-04-22,Himachal Pradesh,16,1,39
674,2020-04-22,Jammu and Kashmir,81,5,380
675,2020-04-22,Jharkhand,0,3,45
676,2020-04-22,Karnataka,129,17,425
677,2020-04-22,Kerala,323,3,427
678,2020-04-22,Ladakh,14,0,18
679,2020-04-22,Madhya Pradesh,148,80,1592
680,2020-04-22,Maharashtra,722,251,5221
681,2020-04-22,Manipur,2,0,2
682,2020-04-22,Meghalaya,0,1,12
683,2020-04-22,Mizoram,0,0,1
684,2020-04-22,Odisha,30,1,82
685,2020-04-22,Puducherry,3,0,7
686,2020-04-22,Punjab,49,16,251
687,2020-04-22,Rajasthan,230,25,1801
688,2020-04-22,Tamil Nadu,635,18,1596
689,2020-04-22,Telangana,194,23,945
690,2020-04-22,Tripura,1,0,2
691,2020-04-22,Uttarakhand,19,0,46
692,2020-04-22,Uttar Pradesh,165,21,1412
693,2020-04-22,West Bengal,73,15,423
694,2020-04-23,Andaman and Nicobar Islands,11,0,18
695,2020-04-23,Andhra Pradesh,141,27,895
696,2020-04-23,Arunachal Pradesh,1,0,1
697,2020-04-23,Assam,19,1,35
698,2020-04-23,Bihar,46,2,148
699,2020-04-23,Chandigarh,14,0,27
700,2020-04-23,Chhattisgarh,28,0,36
701,2020-04-23,Delhi,724,48,2248
702,2020-04-23,Goa,7,0,7
703,2020-04-23,Gujarat,179,103,2407
704,2020-04-23,Haryana,140,3,262
705,2020-04-23,Himachal Pradesh,18,1,40
706,2020-04-23,Jammu and Kashmir,92,5,407
707,2020-04-23,Jharkhand,8,3,49
708,2020-04-23,Karnataka,141,17,443
709,2020-04-23,Kerala,324,3,438
710,2020-04-23,Ladakh,14,0,18
711,2020-04-23,Madhya Pradesh,148,81,1695
712,2020-04-23,Maharashtra,789,269,5652
713,2020-04-23,Manipur,2,0,2
714,2020-04-23,Meghalaya,0,1,12
715,2020-04-23,Mizoram,0,0,1
716,2020-04-23,Odisha,32,1,83
717,2020-04-23,Puducherry,3,0,7
718,2020-04-23,Punjab,65,16,277
719,2020-04-23,Rajasthan,230,27,1890
720,2020-04-23,Tamil Nadu,662,18,1629
721,2020-04-23,Telangana,197,24,960
722,2020-04-23,Tripura,1,0,2
723,2020-04-23,Uttarakhand,23,0,46
724,2020-04-23,Uttar Pradesh,187,21,1509
725,2020-04-23,West Bengal,79,15,456
726,2020-04-24,Andaman and Nicobar Islands,11,0,22
727,2020-04-24,Andhra Pradesh,145,29,955
728,2020-04-24,Arunachal Pradesh,1,0,1
729,2020-04-24,Assam,19,1,36
730,2020-04-24,Bihar,46,2,176
731,2020-04-24,Chandigarh,14,0,27
732,2020-04-24,Chhattisgarh,28,0,36
733,2020-04-24,Delhi,808,50,2376
734,2020-04-24,Goa,7,0,7
735,2020-04-24,Gujarat,258,112,2624
736,2020-04-24,Haryana,156,3,272
737,2020-04-24,Himachal Pradesh,18,1,40
738,2020-04-24,Jammu and Kashmir,92,5,427
739,2020-04-24,Jharkhand,8,3,55
740,2020-04-24,Karnataka,150,18,463
741,2020-04-24,Kerala,324,3,448
742,2020-04-24,Ladakh,14,0,18
743,2020-04-24,Madhya Pradesh,203,83,1852
744,2020-04-24,Maharashtra,840,283,6430
745,2020-04-24,Manipur,2,0,2
746,2020-04-24,Meghalaya,0,1,12
747,2020-04-24,Mizoram,0,0,1
748,2020-04-24,Odisha,33,1,90
749,2020-04-24,Puducherry,3,0,7
750,2020-04-24,Punjab,65,16,277
751,2020-04-24,Rajasthan,230,27,1964
752,2020-04-24,Tamil Nadu,752,20,1683
753,2020-04-24,Telangana,253,26,984
754,2020-04-24,Tripura,1,0,2
755,2020-04-24,Uttarakhand,24,0,47
756,2020-04-24,Uttar Pradesh,206,24,1604
757,2020-04-24,West Bengal,103,15,514
758,2020-04-25,Andaman and Nicobar Islands,11,0,27
759,2020-04-25,Andhra Pradesh,171,31,1061
760,2020-04-25,Arunachal Pradesh,1,0,1
761,2020-04-25,Assam,19,1,36
762,2020-04-25,Bihar,46,2,228
763,2020-04-25,Chandigarh,15,0,28
764,2020-04-25,Chhattisgarh,30,0,36
765,2020-04-25,Delhi,857,53,2514
766,2020-04-25,Goa,7,0,7
767,2020-04-25,Gujarat,265,127,2815
768,2020-04-25,Haryana,156,3,272
769,2020-04-25,Himachal Pradesh,18,1,40
770,2020-04-25,Jammu and Kashmir,109,5,454
771,2020-04-25,Jharkhand,9,3,59
772,2020-04-25,Karnataka,153,18,489
773,2020-04-25,Kerala,331,4,451
774,2020-04-25,Ladakh,14,0,20
775,2020-04-25,Madhya Pradesh,210,92,1952
776,2020-04-25,Maharashtra,957,301,6817
777,2020-04-25,Manipur,2,0,2
778,2020-04-25,Meghalaya,0,1,12
779,2020-04-25,Mizoram,0,0,1
780,2020-04-25,Odisha,33,1,94
781,2020-04-25,Puducherry,3,0,7
782,2020-04-25,Punjab,67,17,298
783,2020-04-25,Rajasthan,230,27,2034
784,2020-04-25,Tamil Nadu,866,22,1755
785,2020-04-25,Telangana,253,26,984
786,2020-04-25,Tripura,1,0,2
787,2020-04-25,Uttarakhand,25,0,48
788,2020-04-25,Uttar Pradesh,248,26,1778
789,2020-04-25,West Bengal,103,18,571
790,2020-04-26,Andaman and Nicobar Islands,11,0,33
791,2020-04-26,Andhra Pradesh,231,31,1097
792,2020-04-26,Arunachal Pradesh,1,0,1
793,2020-04-26,Assam,19,1,36
794,2020-04-26,Bihar,46,2,251
795,2020-04-26,Chandigarh,17,0,30
796,2020-04-26,Chhattisgarh,32,0,37
797,2020-04-26,Delhi,869,54,2625
798,2020-04-26,Goa,7,0,7
799,2020-04-26,Gujarat,282,133,3071
800,2020-04-26,Haryana,176,3,289
801,2020-04-26,Himachal Pradesh,22,1,40
802,2020-04-26,Jammu and Kashmir,112,6,494
803,2020-04-26,Jharkhand,13,3,67
804,2020-04-26,Karnataka,177,18,501
805,2020-04-26,Kerala,338,4,458
806,2020-04-26,Ladakh,14,0,20
807,2020-04-26,Madhya Pradesh,210,99,2096
808,2020-04-26,Maharashtra,1076,323,7628
809,2020-04-26,Manipur,2,0,2
810,2020-04-26,Meghalaya,0,1,12
811,2020-04-26,Mizoram,0,0,1
812,2020-04-26,Odisha,34,1,103
813,2020-04-26,Puducherry,3,0,7
814,2020-04-26,Punjab,67,17,298
815,2020-04-26,Rajasthan,493,33,2083
816,2020-04-26,Tamil Nadu,960,23,1821
817,2020-04-26,Telangana,280,26,991
818,2020-04-26,Tripura,2,0,2
819,2020-04-26,Uttarakhand,26,0,50
820,2020-04-26,Uttar Pradesh,289,29,1843
821,2020-04-26,West Bengal,105,18,611
822,2020-04-27,Andaman and Nicobar Islands,11,0,33
823,2020-04-27,Andhra Pradesh,235,31,1177
824,2020-04-27,Arunachal Pradesh,1,0,1
825,2020-04-27,Assam,27,1,36
826,2020-04-27,Bihar,56,2,277
827,2020-04-27,Chandigarh,17,0,30
828,2020-04-27,Chhattisgarh,32,0,37
829,2020-04-27,Delhi,877,54,2918
830,2020-04-27,Goa,7,0,7
831,2020-04-27,Gujarat,313,151,3301
832,2020-04-27,Haryana,176,3,289
833,2020-04-27,Himachal Pradesh,22,1,40
834,2020-04-27,Jammu and Kashmir,137,6,523
835,2020-04-27,Jharkhand,13,3,82
836,2020-04-27,Karnataka,188,20,511
837,2020-04-27,Kerala,342,4,469
838,2020-04-27,Ladakh,14,0,20
839,2020-04-27,Madhya Pradesh,302,106,2168
840,2020-04-27,Maharashtra,1188,342,8068
841,2020-04-27,Manipur,2,0,2
842,2020-04-27,Meghalaya,0,1,12
843,2020-04-27,Mizoram,0,0,1
844,2020-04-27,Odisha,35,1,108
845,2020-04-27,Puducherry,3,0,8
846,2020-04-27,Punjab,71,18,313
847,2020-04-27,Rajasthan,518,41,2185
848,2020-04-27,Tamil Nadu,1020,24,1885
849,2020-04-27,Telangana,280,26,1002
850,2020-04-27,Tripura,2,0,2
851,2020-04-27,Uttarakhand,33,0,51
852,2020-04-27,Uttar Pradesh,335,31,1955
853,2020-04-27,West Bengal,105,20,649
854,2020-04-28,Andaman and Nicobar Islands,11,0,33
855,2020-04-28,Andhra Pradesh,258,31,1259
856,2020-04-28,Arunachal Pradesh,1,0,1
857,2020-04-28,Assam,27,1,38
858,2020-04-28,Bihar,57,2,346
859,2020-04-28,Chandigarh,17,0,40
860,2020-04-28,Chhattisgarh,32,0,37
861,2020-04-28,Delhi,877,54,3108
862,2020-04-28,Goa,7,0,7
863,2020-04-28,Gujarat,394,162,3548
864,2020-04-28,Haryana,183,3,296
865,2020-04-28,Himachal Pradesh,22,1,40
866,2020-04-28,Jammu and Kashmir,164,7,546
867,2020-04-28,Jharkhand,17,3,103
868,2020-04-28,Karnataka,198,20,520
869,2020-04-28,Kerala,355,4,482
870,2020-04-28,Ladakh,16,0,22
871,2020-04-28,Madhya Pradesh,361,113,2368
872,2020-04-28,Maharashtra,1282,369,8590
873,2020-04-28,Manipur,2,0,2
874,2020-04-28,Meghalaya,0,1,12
875,2020-04-28,Mizoram,0,0,1
876,2020-04-28,Odisha,37,1,118
877,2020-04-28,Puducherry,3,0,8
878,2020-04-28,Punjab,71,18,313
879,2020-04-28,Rajasthan,669,46,2262
880,2020-04-28,Tamil Nadu,1101,24,1937
881,2020-04-28,Telangana,321,26,1004
882,2020-04-28,Tripura,2,0,2
883,2020-04-28,Uttarakhand,33,0,51
884,2020-04-28,Uttar Pradesh,400,31,2043
885,2020-04-28,West Bengal,109,20,697
886,2020-04-29,Andaman and Nicobar Islands,15,0,33
887,2020-04-29,Andhra Pradesh,287,31,1332
888,2020-04-29,Arunachal Pradesh,1,0,1
889,2020-04-29,Assam,27,1,38
890,2020-04-29,Bihar,64,2,383
891,2020-04-29,Chandigarh,17,0,56
892,2020-04-29,Chhattisgarh,34,0,38
893,2020-04-29,Delhi,1078,54,3314
894,2020-04-29,Goa,7,0,7
895,2020-04-29,Gujarat,434,181,3774
896,2020-04-29,Haryana,209,3,310
897,2020-04-29,Himachal Pradesh,25,1,40
898,2020-04-29,Jammu and Kashmir,176,8,565
899,2020-04-29,Jharkhand,19,3,105
900,2020-04-29,Karnataka,215,20,532
901,2020-04-29,Kerala,359,4,486
902,2020-04-29,Ladakh,16,0,22
903,2020-04-29,Madhya Pradesh,377,119,2561
904,2020-04-29,Maharashtra,1388,400,9318
905,2020-04-29,Manipur,2,0,2
906,2020-04-29,Meghalaya,0,1,12
907,2020-04-29,Mizoram,0,0,1
908,2020-04-29,Odisha,38,1,119
909,2020-04-29,Puducherry,3,0,8
910,2020-04-29,Punjab,71,19,322
911,2020-04-29,Rajasthan,768,51,2364
912,2020-04-29,Tamil Nadu,1168,25,2058
913,2020-04-29,Telangana,367,26,1012
914,2020-04-29,Tripura,2,0,2
915,2020-04-29,Uttarakhand,34,0,54
916,2020-04-29,Uttar Pradesh,477,36,2115
917,2020-04-29,West Bengal,119,22,725
918,2020-04-30,Andaman and Nicobar Islands,15,0,33
919,2020-04-30,Andhra Pradesh,321,31,1403
920,2020-04-30,Arunachal Pradesh,1,0,1
921,2020-04-30,Assam,29,1,42
922,2020-04-30,Bihar,65,2,403
923,2020-04-30,Chandigarh,17,0,56
924,2020-04-30,Chhattisgarh,36,0,38
925,2020-04-30,Delhi,1092,56,3439
926,2020-04-30,Goa,7,0,7
927,2020-04-30,Gujarat,527,197,4082
928,2020-04-30,Haryana,209,3,310
929,2020-04-30,Himachal Pradesh,25,1,40
930,2020-04-30,Jammu and Kashmir,192,8,581
931,2020-04-30,Jharkhand,19,3,107
932,2020-04-30,Karnataka,223,21,557
933,2020-04-30,Kerala,369,4,496
934,2020-04-30,Ladakh,16,0,22
935,2020-04-30,Madhya Pradesh,461,130,2660
936,2020-04-30,Maharashtra,1593,432,9915
937,2020-04-30,Manipur,2,0,2
938,2020-04-30,Meghalaya,0,1,12
939,2020-04-30,Mizoram,0,0,1
940,2020-04-30,Odisha,39,1,128
941,2020-04-30,Puducherry,5,0,8
942,2020-04-30,Punjab,90,19,357
943,2020-04-30,Rajasthan,768,51,2438
944,2020-04-30,Tamil Nadu,1210,27,2162
945,2020-04-30,Telangana,367,26,1012
946,2020-04-30,Tripura,2,0,2
947,2020-04-30,Uttarakhand,36,0,55
948,2020-04-30,Uttar Pradesh,513,39,2203
949,2020-04-30,West Bengal,124,22,758
950,2020-05-01,Andaman and Nicobar Islands,16,0,33
951,2020-05-01,Andhra Pradesh,403,33,1463
952,2020-05-01,Arunachal Pradesh,1,0,1
953,2020-05-01,Assam,29,1,42
954,2020-05-01,Bihar,82,2,426
955,2020-05-01,Chandigarh,17,0,56
956,2020-05-01,Chhattisgarh,36,0,40
957,2020-05-01,Delhi,1094,59,3515
958,2020-05-01,Goa,7,0,7
959,2020-05-01,Gujarat,613,214,4395
960,2020-05-01,Haryana,209,3,313
961,2020-05-01,Himachal Pradesh,28,1,40
962,2020-05-01,Jammu and Kashmir,216,8,614
963,2020-05-01,Jharkhand,20,3,111
964,2020-05-01,Karnataka,235,22,576
965,2020-05-01,Kerala,383,4,497
966,2020-05-01,Ladakh,16,0,22
967,2020-05-01,Madhya Pradesh,482,137,2719
968,2020-05-01,Maharashtra,1773,459,10498
969,2020-05-01,Manipur,2,0,2
970,2020-05-01,Meghalaya,0,1,12
971,2020-05-01,Mizoram,0,0,1
972,2020-05-01,Odisha,41,1,143
973,2020-05-01,Puducherry,5,0,8
974,2020-05-01,Punjab,90,19,357
975,2020-05-01,Rajasthan,836,58,2584
976,2020-05-01,Tamil Nadu,1258,27,2323
977,2020-05-01,Telangana,441,26,1039
978,2020-05-01,Tripura,2,0,2
979,2020-05-01,Uttarakhand,36,0,57
980,2020-05-01,Uttar Pradesh,555,41,2281
981,2020-05-01,West Bengal,139,33,795
982,2020-05-02,Andaman and Nicobar Islands,16,0,33
983,2020-05-02,Andhra Pradesh,403,33,1463
984,2020-05-02,Arunachal Pradesh,1,0,1
985,2020-05-02,Assam,32,1,43
986,2020-05-02,Bihar,98,3,471
987,2020-05-02,Chandigarh,17,0,88
988,2020-05-02,Chhattisgarh,36,0,43
989,2020-05-02,Delhi,1167,61,3738
990,2020-05-02,Goa,7,0,7
991,2020-05-02,Gujarat,735,236,4721
992,2020-05-02,Haryana,227,4,360
993,2020-05-02,Himachal Pradesh,30,1,40
994,2020-05-02,Jammu and Kashmir,247,8,639
995,2020-05-02,Jharkhand,20,3,111
996,2020-05-02,Karnataka,251,22,589
997,2020-05-02,Kerala,392,4,497
998,2020-05-02,Ladakh,17,0,22
999,2020-05-02,Madhya Pradesh,524,145,2719
1000,2020-05-02,Maharashtra,1879,485,11506
1001,2020-05-02,Manipur,2,0,2
1002,2020-05-02,Meghalaya,0,1,12
1003,2020-05-02,Mizoram,0,0,1
1004,2020-05-02,Odisha,55,1,149
1005,2020-05-02,Puducherry,5,0,8
1006,2020-05-02,Punjab,90,19,480
1007,2020-05-02,Rajasthan,1116,62,2666
1008,2020-05-02,Tamil Nadu,1312,28,2526
1009,2020-05-02,Telangana,441,26,1039
1010,2020-05-02,Tripura,2,0,2
1011,2020-05-02,Uttarakhand,36,0,58
1012,2020-05-02,Uttar Pradesh,654,42,2328
1013,2020-05-02,West Bengal,139,33,795
1014,2020-05-03,Andaman and Nicobar Islands,17,0,33
1015,2020-05-03,Andhra Pradesh,488,33,1583
1016,2020-05-03,Arunachal Pradesh,1,0,1
1017,2020-05-03,Assam,32,1,43
1018,2020-05-03,Bihar,117,4,482
1019,2020-05-03,Chandigarh,19,0,94
1020,2020-05-03,Chhattisgarh,36,0,43
1021,2020-05-03,Delhi,1256,64,4122
1022,2020-05-03,Goa,7,0,7
1023,2020-05-03,Gujarat,896,262,5055
1024,2020-05-03,Haryana,227,4,394
1025,2020-05-03,Himachal Pradesh,33,1,40
1026,2020-05-03,Jammu and Kashmir,254,8,666
1027,2020-05-03,Jharkhand,22,3,115
1028,2020-05-03,Karnataka,282,25,606
1029,2020-05-03,Kerala,400,4,500
1030,2020-05-03,Ladakh,17,0,40
1031,2020-05-03,Madhya Pradesh,798,156,2846
1032,2020-05-03,Maharashtra,2000,521,12296
1033,2020-05-03,Manipur,2,0,2
1034,2020-05-03,Meghalaya,0,1,12
1035,2020-05-03,Mizoram,0,0,1
1036,2020-05-03,Odisha,56,1,160
1037,2020-05-03,Puducherry,5,0,8
1038,2020-05-03,Punjab,112,20,772
1039,2020-05-03,Rajasthan,1121,65,2772
1040,2020-05-03,Tamil Nadu,1341,29,2757
1041,2020-05-03,Telangana,458,28,1063
1042,2020-05-03,Tripura,2,0,4
1043,2020-05-03,Uttarakhand,39,0,59
1044,2020-05-03,Uttar Pradesh,698,43,2626
1045,2020-05-03,West Bengal,151,33,922
1046,2020-05-04,Andaman and Nicobar Islands,32,0,33
1047,2020-05-04,Andhra Pradesh,524,36,1650
1048,2020-05-04,Arunachal Pradesh,1,0,1
1049,2020-05-04,Assam,32,1,43
1050,2020-05-04,Bihar,125,4,517
1051,2020-05-04,Chandigarh,19,0,94
1052,2020-05-04,Chhattisgarh,36,0,57
1053,2020-05-04,Delhi,1362,64,4549
1054,2020-05-04,Goa,7,0,7
1055,2020-05-04,Gujarat,1042,290,5428
1056,2020-05-04,Haryana,245,5,442
1057,2020-05-04,Himachal Pradesh,34,1,40
1058,2020-05-04,Jammu and Kashmir,287,8,701
1059,2020-05-04,Jharkhand,22,3,115
1060,2020-05-04,Karnataka,304,26,642
1061,2020-05-04,Kerala,401,4,500
1062,2020-05-04,Ladakh,17,0,41
1063,2020-05-04,Madhya Pradesh,798,165,2942
1064,2020-05-04,Maharashtra,2115,548,12974
1065,2020-05-04,Manipur,2,0,2
1066,2020-05-04,Meghalaya,0,1,12
1067,2020-05-04,Mizoram,0,0,1
1068,2020-05-04,Odisha,60,1,163
1069,2020-05-04,Puducherry,5,0,8
1070,2020-05-04,Punjab,117,21,1102
1071,2020-05-04,Rajasthan,1356,71,2886
1072,2020-05-04,Tamil Nadu,1379,30,3023
1073,2020-05-04,Telangana,490,29,1082
1074,2020-05-04,Tripura,2,0,16
1075,2020-05-04,Uttarakhand,39,1,60
1076,2020-05-04,Uttar Pradesh,758,45,2742
1077,2020-05-04,West Bengal,151,35,963
1078,2020-05-05,Andaman and Nicobar Islands,32,0,33
1079,2020-05-05,Andhra Pradesh,589,36,1717
1080,2020-05-05,Arunachal Pradesh,1,0,1
1081,2020-05-05,Assam,32,1,43
1082,2020-05-05,Bihar,130,4,529
1083,2020-05-05,Chandigarh,21,1,102
1084,2020-05-05,Chhattisgarh,36,0,58
1085,2020-05-05,Delhi,1431,64,4898
1086,2020-05-05,Goa,7,0,7
1087,2020-05-05,Gujarat,1195,319,5804
1088,2020-05-05,Haryana,254,6,517
1089,2020-05-05,Himachal Pradesh,38,1,41
1090,2020-05-05,Jammu and Kashmir,303,8,726
1091,2020-05-05,Jharkhand,27,3,115
1092,2020-05-05,Karnataka,324,28,659
1093,2020-05-05,Kerala,462,4,500
1094,2020-05-05,Ladakh,17,0,41
1095,2020-05-05,Madhya Pradesh,1000,176,3049
1096,2020-05-05,Maharashtra,2465,583,14541
1097,2020-05-05,Manipur,2,0,2
1098,2020-05-05,Meghalaya,10,1,12
1099,2020-05-05,Mizoram,0,0,1
1100,2020-05-05,Odisha,60,1,170
1101,2020-05-05,Puducherry,6,0,9
1102,2020-05-05,Punjab,128,23,1233
1103,2020-05-05,Rajasthan,1394,77,3061
1104,2020-05-05,Tamil Nadu,1409,31,3550
1105,2020-05-05,Telangana,585,29,1085
1106,2020-05-05,Tripura,2,0,29
1107,2020-05-05,Uttarakhand,39,1,60
1108,2020-05-05,Uttar Pradesh,944,53,2859
1109,2020-05-05,West Bengal,218,133,1259
1110,2020-05-06,Andaman and Nicobar Islands,32,0,33
1111,2020-05-06,Andhra Pradesh,589,36,1717
1112,2020-05-06,Arunachal Pradesh,1,0,1
1113,2020-05-06,Assam,32,1,43
1114,2020-05-06,Bihar,142,4,536
1115,2020-05-06,Chandigarh,21,1,111
1116,2020-05-06,Chhattisgarh,36,0,59
1117,2020-05-06,Dadra and Nagar Haveli,0,0,1
1118,2020-05-06,Delhi,1468,64,5104
1119,2020-05-06,Goa,7,0,7
1120,2020-05-06,Gujarat,1381,368,6245
1121,2020-05-06,Haryana,256,6,548
1122,2020-05-06,Himachal Pradesh,38,2,42
1123,2020-05-06,Jammu and Kashmir,320,8,741
1124,2020-05-06,Jharkhand,33,3,125
1125,2020-05-06,Karnataka,331,29,671
1126,2020-05-06,Kerala,462,4,502
1127,2020-05-06,Ladakh,17,0,41
1128,2020-05-06,Madhya Pradesh,1000,176,3049
1129,2020-05-06,Maharashtra,2819,617,15525
1130,2020-05-06,Manipur,2,0,2
1131,2020-05-06,Meghalaya,10,1,12
1132,2020-05-06,Mizoram,0,0,1
1133,2020-05-06,Odisha,60,1,175
1134,2020-05-06,Puducherry,6,0,9
1135,2020-05-06,Punjab,133,25,1451
1136,2020-05-06,Rajasthan,1525,89,3158
1137,2020-05-06,Tamil Nadu,1485,33,4058
1138,2020-05-06,Telangana,585,29,1096
1139,2020-05-06,Tripura,2,0,43
1140,2020-05-06,Uttarakhand,39,1,61
1141,2020-05-06,Uttar Pradesh,987,56,2880
1142,2020-05-06,West Bengal,364,140,1344
1143,2020-05-07,Andaman and Nicobar Islands,32,0,33
1144,2020-05-07,Andhra Pradesh,729,36,1777
1145,2020-05-07,Arunachal Pradesh,1,0,1
1146,2020-05-07,Assam,32,1,45
1147,2020-05-07,Bihar,188,4,542
1148,2020-05-07,Chandigarh,21,1,120
1149,2020-05-07,Chhattisgarh,36,0,59
1150,2020-05-07,Dadra and Nagar Haveli,0,0,1
1151,2020-05-07,Delhi,1542,65,5532
1152,2020-05-07,Goa,7,0,7
1153,2020-05-07,Gujarat,1500,396,6625
1154,2020-05-07,Haryana,260,7,594
1155,2020-05-07,Himachal Pradesh,38,2,45
1156,2020-05-07,Jammu and Kashmir,322,8,775
1157,2020-05-07,Jharkhand,37,3,127
1158,2020-05-07,Karnataka,354,29,693
1159,2020-05-07,Kerala,469,4,503
1160,2020-05-07,Ladakh,17,0,41
1161,2020-05-07,Madhya Pradesh,1099,185,3138
1162,2020-05-07,Maharashtra,3094,651,16758
1163,2020-05-07,Manipur,2,0,2
1164,2020-05-07,Meghalaya,10,1,12
1165,2020-05-07,Mizoram,0,0,1
1166,2020-05-07,Odisha,61,2,185
1167,2020-05-07,Puducherry,6,0,9
1168,2020-05-07,Punjab,135,27,1516
1169,2020-05-07,Rajasthan,1596,92,3317
1170,2020-05-07,Tamil Nadu,1516,35,4829
1171,2020-05-07,Telangana,628,29,1107
1172,2020-05-07,Tripura,2,0,43
1173,2020-05-07,Uttarakhand,39,1,61
1174,2020-05-07,Uttar Pradesh,1130,60,2998
1175,2020-05-07,West Bengal,364,144,1456
1176,2020-05-08,Andaman and Nicobar Islands,33,0,33
1177,2020-05-08,Andhra Pradesh,780,38,1847
1178,2020-05-08,Arunachal Pradesh,1,0,1
1179,2020-05-08,Assam,34,1,54
1180,2020-05-08,Bihar,246,5,550
1181,2020-05-08,Chandigarh,21,1,135
1182,2020-05-08,Chhattisgarh,38,0,59
1183,2020-05-08,Dadra and Nagar Haveli,0,0,1
1184,2020-05-08,Delhi,1931,66,5980
1185,2020-05-08,Goa,7,0,7
1186,2020-05-08,Gujarat,1709,425,7012
1187,2020-05-08,Haryana,260,7,625
1188,2020-05-08,Himachal Pradesh,38,2,46
1189,2020-05-08,Jammu and Kashmir,335,9,793
1190,2020-05-08,Jharkhand,41,3,132
1191,2020-05-08,Karnataka,366,30,705
1192,2020-05-08,Kerala,474,4,503
1193,2020-05-08,Ladakh,17,0,42
1194,2020-05-08,Madhya Pradesh,1231,193,3252
1195,2020-05-08,Maharashtra,3301,694,17974
1196,2020-05-08,Manipur,2,0,2
1197,2020-05-08,Meghalaya,10,1,12
1198,2020-05-08,Mizoram,0,0,1
1199,2020-05-08,Odisha,62,2,219
1200,2020-05-08,Puducherry,6,0,9
1201,2020-05-08,Punjab,149,28,1644
1202,2020-05-08,Rajasthan,1596,97,3427
1203,2020-05-08,Tamil Nadu,1547,37,5409
1204,2020-05-08,Telangana,650,29,1123
1205,2020-05-08,Tripura,2,0,65
1206,2020-05-08,Uttarakhand,39,1,61
1207,2020-05-08,Uttar Pradesh,1250,62,3071
1208,2020-05-08,West Bengal,364,151,1548
1209,2020-05-09,Andaman and Nicobar Islands,33,0,33
1210,2020-05-09,Andhra Pradesh,842,41,1887
1211,2020-05-09,Arunachal Pradesh,1,0,1
1212,2020-05-09,Assam,34,1,59
1213,2020-05-09,Bihar,297,5,571
1214,2020-05-09,Chandigarh,21,1,150
1215,2020-05-09,Chhattisgarh,38,0,59
1216,2020-05-09,Dadra and Nagar Haveli,0,0,1
1217,2020-05-09,Delhi,2020,68,6318
1218,2020-05-09,Goa,7,0,7
1219,2020-05-09,Gujarat,1872,449,7402
1220,2020-05-09,Haryana,279,8,647
1221,2020-05-09,Himachal Pradesh,38,2,50
1222,2020-05-09,Jammu and Kashmir,364,9,823
1223,2020-05-09,Jharkhand,52,3,132
1224,2020-05-09,Karnataka,376,30,753
1225,2020-05-09,Kerala,484,4,503
1226,2020-05-09,Ladakh,17,0,42
1227,2020-05-09,Madhya Pradesh,1349,200,3341
1228,2020-05-09,Maharashtra,3470,731,19063
1229,2020-05-09,Manipur,2,0,2
1230,2020-05-09,Meghalaya,10,1,12
1231,2020-05-09,Mizoram,0,0,1
1232,2020-05-09,Odisha,63,2,271
1233,2020-05-09,Puducherry,6,0,9
1234,2020-05-09,Punjab,152,29,1731
1235,2020-05-09,Rajasthan,1916,101,3579
1236,2020-05-09,Tamil Nadu,1605,40,6009
1237,2020-05-09,Telangana,700,29,1133
1238,2020-05-09,Tripura,2,0,118
1239,2020-05-09,Uttarakhand,46,1,63
1240,2020-05-09,Uttar Pradesh,1387,66,3214
1241,2020-05-09,West Bengal,364,160,1678
1242,2020-05-10,Andaman and Nicobar Islands,33,0,33
1243,2020-05-10,Andhra Pradesh,887,44,1930
1244,2020-05-10,Arunachal Pradesh,1,0,1
1245,2020-05-10,Assam,34,2,63
1246,2020-05-10,Bihar,322,5,591
1247,2020-05-10,Chandigarh,24,2,169
1248,2020-05-10,Chhattisgarh,43,0,59
1249,2020-05-10,Dadra and Nagar Haveli,0,0,1
1250,2020-05-10,Delhi,2020,73,6542
1251,2020-05-10,Goa,7,0,7
1252,2020-05-10,Gujarat,2091,472,7796
1253,2020-05-10,Haryana,290,9,675
1254,2020-05-10,Himachal Pradesh,38,2,50
1255,2020-05-10,Jammu and Kashmir,368,9,836
1256,2020-05-10,Jharkhand,78,3,156
1257,2020-05-10,Karnataka,386,30,794
1258,2020-05-10,Kerala,485,4,505
1259,2020-05-10,Ladakh,17,0,42
1260,2020-05-10,Madhya Pradesh,1676,215,3614
1261,2020-05-10,Maharashtra,3800,779,20228
1262,2020-05-10,Manipur,2,0,2
1263,2020-05-10,Meghalaya,10,1,13
1264,2020-05-10,Mizoram,1,0,1
1265,2020-05-10,Odisha,63,2,294
1266,2020-05-10,Puducherry,6,0,9
1267,2020-05-10,Punjab,157,31,1762
1268,2020-05-10,Rajasthan,2026,106,3708
1269,2020-05-10,Tamil Nadu,1824,44,6535
1270,2020-05-10,Telangana,750,30,1163
1271,2020-05-10,Tripura,2,0,134
1272,2020-05-10,Uttarakhand,46,1,67
1273,2020-05-10,Uttar Pradesh,1499,74,3373
1274,2020-05-10,West Bengal,372,171,1786
1275,2020-05-11,Andaman and Nicobar Islands,33,0,33
1276,2020-05-11,Andhra Pradesh,925,45,1980
1277,2020-05-11,Arunachal Pradesh,1,0,1
1278,2020-05-11,Assam,34,2,63
1279,2020-05-11,Bihar,365,6,696
1280,2020-05-11,Chandigarh,24,2,169
1281,2020-05-11,Chhattisgarh,49,0,59
1282,2020-05-11,Dadra and Nagar Haveli,0,0,1
1283,2020-05-11,Delhi,2069,73,6923
1284,2020-05-11,Goa,7,0,7
1285,2020-05-11,Gujarat,2545,493,8194
1286,2020-05-11,Haryana,300,10,703
1287,2020-05-11,Himachal Pradesh,39,2,55
1288,2020-05-11,Jammu and Kashmir,383,9,861
1289,2020-05-11,Jharkhand,78,3,157
1290,2020-05-11,Karnataka,424,31,848
1291,2020-05-11,Kerala,489,4,512
1292,2020-05-11,Ladakh,21,0,42
1293,2020-05-11,Madhya Pradesh,1676,215,3614
1294,2020-05-11,Maharashtra,4199,832,22171
1295,2020-05-11,Manipur,2,0,2
1296,2020-05-11,Meghalaya,10,1,13
1297,2020-05-11,Mizoram,1,0,1
1298,2020-05-11,Odisha,68,3,377
1299,2020-05-11,Puducherry,6,0,9
1300,2020-05-11,Punjab,166,31,1823
1301,2020-05-11,Rajasthan,2176,107,3814
1302,2020-05-11,Tamil Nadu,1959,47,7204
1303,2020-05-11,Telangana,750,30,1196
1304,2020-05-11,Tripura,2,0,150
1305,2020-05-11,Uttarakhand,46,1,68
1306,2020-05-11,Uttar Pradesh,1653,74,3467
1307,2020-05-11,West Bengal,417,185,1939
1308,2020-05-12,Andaman and Nicobar Islands,33,0,33
1309,2020-05-12,Andhra Pradesh,975,45,2018
1310,2020-05-12,Arunachal Pradesh,1,0,1
1311,2020-05-12,Assam,34,2,65
1312,2020-05-12,Bihar,377,6,747
1313,2020-05-12,Chandigarh,24,2,174
1314,2020-05-12,Chhattisgarh,53,0,59
1315,2020-05-12,Dadra and Nagar Haveli,0,0,1
1316,2020-05-12,Delhi,2129,73,7233
1317,2020-05-12,Goa,7,0,7
1318,2020-05-12,Gujarat,2780,513,8541
1319,2020-05-12,Haryana,337,11,730
1320,2020-05-12,Himachal Pradesh,39,2,59
1321,2020-05-12,Jammu and Kashmir,427,10,879
1322,2020-05-12,Jharkhand,78,3,160
1323,2020-05-12,Karnataka,426,31,862
1324,2020-05-12,Kerala,489,4,519
1325,2020-05-12,Ladakh,21,0,42
1326,2020-05-12,Madhya Pradesh,1747,221,3785
1327,2020-05-12,Maharashtra,4786,868,23401
1328,2020-05-12,Manipur,2,0,2
1329,2020-05-12,Meghalaya,10,1,13
1330,2020-05-12,Mizoram,1,0,1
1331,2020-05-12,Odisha,85,3,414
1332,2020-05-12,Puducherry,6,0,12
1333,2020-05-12,Punjab,168,31,1877
1334,2020-05-12,Rajasthan,2264,113,3988
1335,2020-05-12,Tamil Nadu,2051,53,8002
1336,2020-05-12,Telangana,800,30,1275
1337,2020-05-12,Tripura,2,0,152
1338,2020-05-12,Uttarakhand,46,1,68
1339,2020-05-12,Uttar Pradesh,1758,80,3573
1340,2020-05-12,West Bengal,499,190,2063
1341,2020-05-13,Andaman and Nicobar Islands,33,0,33
1342,2020-05-13,Andhra Pradesh,1056,46,2090
1343,2020-05-13,Arunachal Pradesh,1,0,1
1344,2020-05-13,Assam,39,2,65
1345,2020-05-13,Bihar,383,6,831
1346,2020-05-13,Chandigarh,28,3,187
1347,2020-05-13,Chhattisgarh,54,0,59
1348,2020-05-13,Dadra and Nagar Haveli,0,0,1
1349,2020-05-13,Delhi,2512,86,7639
1350,2020-05-13,Goa,7,0,7
1351,2020-05-13,Gujarat,3246,537,8903
1352,2020-05-13,Haryana,342,11,780
1353,2020-05-13,Himachal Pradesh,39,2,65
1354,2020-05-13,Jammu and Kashmir,455,10,934
1355,2020-05-13,Jharkhand,79,3,172
1356,2020-05-13,Karnataka,433,31,925
1357,2020-05-13,Kerala,489,4,524
1358,2020-05-13,Ladakh,21,0,42
1359,2020-05-13,Madhya Pradesh,1860,225,3986
1360,2020-05-13,Maharashtra,5125,921,24427
1361,2020-05-13,Manipur,2,0,2
1362,2020-05-13,Meghalaya,10,1,13
1363,2020-05-13,Mizoram,1,0,1
1364,2020-05-13,Odisha,116,3,437
1365,2020-05-13,Puducherry,9,1,13
1366,2020-05-13,Punjab,171,32,1914
1367,2020-05-13,Rajasthan,2378,117,4126
1368,2020-05-13,Tamil Nadu,2134,61,8718
1369,2020-05-13,Telangana,830,32,1326
1370,2020-05-13,Tripura,2,0,154
1371,2020-05-13,Uttarakhand,46,1,69
1372,2020-05-13,Uttar Pradesh,1873,82,3664
1373,2020-05-13,West Bengal,612,198,2173
1374,2020-05-14,Andaman and Nicobar Islands,33,0,33
1375,2020-05-14,Andhra Pradesh,1142,47,2137
1376,2020-05-14,Arunachal Pradesh,1,0,1
1377,2020-05-14,Assam,39,2,80
1378,2020-05-14,Bihar,388,7,940
1379,2020-05-14,Chandigarh,28,3,187
1380,2020-05-14,Chhattisgarh,55,0,59
1381,2020-05-14,Dadra and Nagar Haveli,0,0,1
1382,2020-05-14,Delhi,2858,106,7998
1383,2020-05-14,Goa,7,0,7
1384,2020-05-14,Gujarat,3562,566,9267
1385,2020-05-14,Haryana,418,11,793
1386,2020-05-14,Himachal Pradesh,39,2,66
1387,2020-05-14,Jammu and Kashmir,466,11,971
1388,2020-05-14,Jharkhand,79,3,173
1389,2020-05-14,Karnataka,451,33,959
1390,2020-05-14,Kerala,490,4,534
1391,2020-05-14,Ladakh,22,0,43
1392,2020-05-14,Madhya Pradesh,2004,232,4173
1393,2020-05-14,Maharashtra,5547,975,25922
1394,2020-05-14,Manipur,2,0,2
1395,2020-05-14,Meghalaya,10,1,13
1396,2020-05-14,Mizoram,1,0,1
1397,2020-05-14,Odisha,143,3,538
1398,2020-05-14,Puducherry,9,1,13
1399,2020-05-14,Punjab,200,32,1924
1400,2020-05-14,Rajasthan,2459,121,4328
1401,2020-05-14,Tamil Nadu,2176,64,9227
1402,2020-05-14,Telangana,940,34,1367
1403,2020-05-14,Tripura,16,0,155
1404,2020-05-14,Uttarakhand,46,1,72
1405,2020-05-14,Uttar Pradesh,1902,83,3729
1406,2020-05-14,West Bengal,702,207,2290
1407,2020-05-15,Andaman and Nicobar Islands,33,0,33
1408,2020-05-15,Andhra Pradesh,1192,48,2205
1409,2020-05-15,Arunachal Pradesh,1,0,1
1410,2020-05-15,Assam,39,2,87
1411,2020-05-15,Bihar,411,7,994
1412,2020-05-15,Chandigarh,37,3,191
1413,2020-05-15,Chhattisgarh,56,0,60
1414,2020-05-15,Dadra and Nagar Haveli,0,0,1
1415,2020-05-15,Delhi,3045,115,8470
1416,2020-05-15,Goa,7,0,14
1417,2020-05-15,Gujarat,3753,586,9591
1418,2020-05-15,Haryana,439,11,818
1419,2020-05-15,Himachal Pradesh,39,2,74
1420,2020-05-15,Jammu and Kashmir,485,11,983
1421,2020-05-15,Jharkhand,87,3,197
1422,2020-05-15,Karnataka,460,35,987
1423,2020-05-15,Kerala,491,4,560
1424,2020-05-15,Ladakh,22,0,43
1425,2020-05-15,Madhya Pradesh,2171,237,4426
1426,2020-05-15,Maharashtra,6059,1019,27524
1427,2020-05-15,Manipur,2,0,3
1428,2020-05-15,Meghalaya,11,1,13
1429,2020-05-15,Mizoram,1,0,1
1430,2020-05-15,Odisha,158,3,611
1431,2020-05-15,Puducherry,9,1,13
1432,2020-05-15,Punjab,223,32,1935
1433,2020-05-15,Rajasthan,2580,125,4534
1434,2020-05-15,Tamil Nadu,2240,66,9674
1435,2020-05-15,Telangana,950,34,1414
1436,2020-05-15,Tripura,29,0,156
1437,2020-05-15,Uttarakhand,50,1,78
1438,2020-05-15,Uttar Pradesh,2072,88,3902
1439,2020-05-15,West Bengal,768,215,2377
1440,2020-05-16,Andaman and Nicobar Islands,33,0,33
1441,2020-05-16,Andhra Pradesh,1252,48,2307
1442,2020-05-16,Arunachal Pradesh,1,0,1
1443,2020-05-16,Assam,41,2,90
1444,2020-05-16,Bihar,438,7,1018
1445,2020-05-16,Chandigarh,37,3,191
1446,2020-05-16,Chhattisgarh,56,0,66
1447,2020-05-16,Dadra and Nagar Haveli,0,0,1
1448,2020-05-16,Delhi,3518,123,8895
1449,2020-05-16,Goa,7,0,15
1450,2020-05-16,Gujarat,4035,606,9931
1451,2020-05-16,Haryana,439,11,818
1452,2020-05-16,Himachal Pradesh,39,3,76
1453,2020-05-16,Jammu and Kashmir,513,11,1013
1454,2020-05-16,Jharkhand,87,3,203
1455,2020-05-16,Karnataka,480,36,1056
1456,2020-05-16,Kerala,492,4,576
1457,2020-05-16,Ladakh,22,0,43
1458,2020-05-16,Madhya Pradesh,2283,239,4595
1459,2020-05-16,Maharashtra,6564,1068,29100
1460,2020-05-16,Manipur,2,0,3
1461,2020-05-16,Meghalaya,11,1,13
1462,2020-05-16,Mizoram,1,0,1
1463,2020-05-16,Odisha,166,3,672
1464,2020-05-16,Puducherry,9,1,13
1465,2020-05-16,Punjab,305,32,1935
1466,2020-05-16,Rajasthan,2677,125,4727
1467,2020-05-16,Tamil Nadu,2599,71,10108
1468,2020-05-16,Telangana,959,34,1454
1469,2020-05-16,Tripura,42,0,156
1470,2020-05-16,Uttarakhand,51,1,82
1471,2020-05-16,Uttar Pradesh,2165,95,4057
1472,2020-05-16,West Bengal,829,225,2461
1473,2020-05-17,Andaman and Nicobar Islands,33,0,33
1474,2020-05-17,Andhra Pradesh,1353,49,2355
1475,2020-05-17,Arunachal Pradesh,1,0,1
1476,2020-05-17,Assam,41,2,92
1477,2020-05-17,Bihar,453,7,1179
1478,2020-05-17,Chandigarh,51,3,191
1479,2020-05-17,Chhattisgarh,56,0,67
1480,2020-05-17,Dadra and Nagar Haveli,0,0,1
1481,2020-05-17,Delhi,3926,129,9333
1482,2020-05-17,Goa,7,0,17
1483,2020-05-17,Gujarat,4308,625,10988
1484,2020-05-17,Haryana,514,13,887
1485,2020-05-17,Himachal Pradesh,43,3,78
1486,2020-05-17,Jammu and Kashmir,542,12,1121
1487,2020-05-17,Jharkhand,113,3,217
1488,2020-05-17,Karnataka,496,36,1092
1489,2020-05-17,Kerala,495,4,587
1490,2020-05-17,Ladakh,22,0,43
1491,2020-05-17,Madhya Pradesh,2315,243,4789
1492,2020-05-17,Maharashtra,7088,1135,30706
1493,2020-05-17,Manipur,2,0,7
1494,2020-05-17,Meghalaya,11,1,13
1495,2020-05-17,Mizoram,1,0,1
1496,2020-05-17,Odisha,196,3,737
1497,2020-05-17,Puducherry,9,1,13
1498,2020-05-17,Punjab,1257,32,1946
1499,2020-05-17,Rajasthan,2839,126,4960
1500,2020-05-17,Tamil Nadu,3538,74,10585
1501,2020-05-17,Telangana,971,34,1509
1502,2020-05-17,Tripura,64,0,167
1503,2020-05-17,Uttarakhand,51,1,88
1504,2020-05-17,Uttar Pradesh,2441,104,4258
1505,2020-05-17,West Bengal,872,232,2576
1506,2020-05-18,Andaman and Nicobar Islands,33,0,33
1507,2020-05-18,Andhra Pradesh,1456,50,2407
1508,2020-05-18,Arunachal Pradesh,1,0,1
1509,2020-05-18,Assam,41,2,101
1510,2020-05-18,Bihar,475,8,1262
1511,2020-05-18,Chandigarh,51,3,191
1512,2020-05-18,Chhattisgarh,59,0,86
1513,2020-05-18,Dadra and Nagar Haveli,0,0,1
1514,2020-05-18,Delhi,4485,160,10054
1515,2020-05-18,Goa,7,0,29
1516,2020-05-18,Gujarat,4499,659,11379
1517,2020-05-18,Haryana,562,14,910
1518,2020-05-18,Himachal Pradesh,44,3,80
1519,2020-05-18,Jammu and Kashmir,575,13,1183
1520,2020-05-18,Jharkhand,113,3,223
1521,2020-05-18,Karnataka,509,37,1147
1522,2020-05-18,Kerala,497,4,601
1523,2020-05-18,Ladakh,24,0,43
1524,2020-05-18,Madhya Pradesh,2403,248,4977
1525,2020-05-18,Maharashtra,7688,1198,33053
1526,2020-05-18,Manipur,2,0,7
1527,2020-05-18,Meghalaya,11,1,13
1528,2020-05-18,Mizoram,1,0,1
1529,2020-05-18,Odisha,220,4,828
1530,2020-05-18,Puducherry,9,1,13
1531,2020-05-18,Punjab,1366,35,1964
1532,2020-05-18,Rajasthan,2992,131,5202
1533,2020-05-18,Tamil Nadu,4172,78,11224
1534,2020-05-18,Telangana,992,34,1551
1535,2020-05-18,Tripura,85,0,167
1536,2020-05-18,Uttarakhand,52,1,92
1537,2020-05-18,Uttar Pradesh,2441,104,4259
1538,2020-05-18,West Bengal,959,238,2677
1539,2020-05-19,Andaman and Nicobar Islands,33,0,33
1540,2020-05-19,Andhra Pradesh,1552,50,2474
1541,2020-05-19,Arunachal Pradesh,1,0,1
1542,2020-05-19,Assam,41,2,107
1543,2020-05-19,Bihar,494,9,1391
1544,2020-05-19,Chandigarh,54,3,196
1545,2020-05-19,Chhattisgarh,59,0,93
1546,2020-05-19,Dadra and Nagar Haveli,0,0,1
1547,2020-05-19,Delhi,4485,168,10054
1548,2020-05-19,Goa,7,0,38
1549,2020-05-19,Gujarat,4804,694,11745
1550,2020-05-19,Haryana,598,14,928
1551,2020-05-19,Himachal Pradesh,44,3,90
1552,2020-05-19,Jammu and Kashmir,609,15,1289
1553,2020-05-19,Jharkhand,113,3,223
1554,2020-05-19,Karnataka,530,37,1246
1555,2020-05-19,Kerala,497,4,630
1556,2020-05-19,Ladakh,41,0,43
1557,2020-05-19,Madhya Pradesh,2435,252,5236
1558,2020-05-19,Maharashtra,8437,1249,35058
1559,2020-05-19,Manipur,2,0,7
1560,2020-05-19,Meghalaya,11,1,13
1561,2020-05-19,Mizoram,1,0,1
1562,2020-05-19,Odisha,220,4,876
1563,2020-05-19,Puducherry,9,1,18
1564,2020-05-19,Punjab,1547,37,1980
1565,2020-05-19,Rajasthan,3218,138,5507
1566,2020-05-19,Tamil Nadu,4406,81,11760
1567,2020-05-19,Telangana,1000,35,1597
1568,2020-05-19,Tripura,85,0,167
1569,2020-05-19,Uttarakhand,52,1,93
1570,2020-05-19,Uttar Pradesh,2783,118,4605
1571,2020-05-19,West Bengal,1006,244,2825
1572,2020-05-20,Andaman and Nicobar Islands,33,0,33
1573,2020-05-20,Andhra Pradesh,1621,52,2532
1574,2020-05-20,Arunachal Pradesh,1,0,1
1575,2020-05-20,Assam,41,4,142
1576,2020-05-20,Bihar,534,9,1498
1577,2020-05-20,Chandigarh,57,3,200
1578,2020-05-20,Chhattisgarh,59,0,101
1579,2020-05-20,Dadra and Nagar Haveli,0,0,1
1580,2020-05-20,Delhi,4750,168,10554
1581,2020-05-20,Goa,7,0,46
1582,2020-05-20,Gujarat,5043,719,12140
1583,2020-05-20,Haryana,627,14,964
1584,2020-05-20,Himachal Pradesh,47,3,92
1585,2020-05-20,Jammu and Kashmir,653,17,1317
1586,2020-05-20,Jharkhand,127,3,231
1587,2020-05-20,Karnataka,544,40,1397
1588,2020-05-20,Kerala,497,4,642
1589,2020-05-20,Ladakh,43,0,43
1590,2020-05-20,Madhya Pradesh,2630,258,5465
1591,2020-05-20,Maharashtra,9639,1325,37136
1592,2020-05-20,Manipur,2,0,9
1593,2020-05-20,Meghalaya,12,1,13
1594,2020-05-20,Mizoram,1,0,1
1595,2020-05-20,Odisha,277,5,978
1596,2020-05-20,Puducherry,9,1,18
1597,2020-05-20,Punjab,1642,38,2002
1598,2020-05-20,Rajasthan,3337,143,5845
1599,2020-05-20,Tamil Nadu,4895,84,12448
1600,2020-05-20,Telangana,1010,38,1634
1601,2020-05-20,Tripura,116,0,173
1602,2020-05-20,Uttarakhand,52,1,111
1603,2020-05-20,Uttar Pradesh,2918,123,4926
1604,2020-05-20,West Bengal,1074,250,2961
1605,2020-05-20,Cases being reassigned to states,0,0,1096
1606,2020-05-21,Andaman and Nicobar Islands,33,0,33
1607,2020-05-21,Andhra Pradesh,1640,53,2602
1608,2020-05-21,Arunachal Pradesh,1,0,1
1609,2020-05-21,Assam,48,4,170
1610,2020-05-21,Bihar,571,10,1674
1611,2020-05-21,Chandigarh,57,3,202
1612,2020-05-21,Chhattisgarh,59,0,115
1613,2020-05-21,Dadra and Nagar Haveli,0,0,1
1614,2020-05-21,Delhi,5192,176,11088
1615,2020-05-21,Goa,7,0,50
1616,2020-05-21,Gujarat,5219,749,12537
1617,2020-05-21,Haryana,648,14,993
1618,2020-05-21,Himachal Pradesh,54,3,110
1619,2020-05-21,Jammu and Kashmir,678,18,1390
1620,2020-05-21,Jharkhand,127,3,231
1621,2020-05-21,Karnataka,556,41,1462
1622,2020-05-21,Kerala,502,4,666
1623,2020-05-21,Ladakh,43,0,44
1624,2020-05-21,Madhya Pradesh,2733,267,5735
1625,2020-05-21,Maharashtra,10318,1390,39297
1626,2020-05-21,Manipur,2,0,25
1627,2020-05-21,Meghalaya,12,1,14
1628,2020-05-21,Mizoram,1,0,1
1629,2020-05-21,Odisha,307,6,1052
1630,2020-05-21,Puducherry,9,0,18
1631,2020-05-21,Punjab,1794,38,2005
1632,2020-05-21,Rajasthan,3404,147,6015
1633,2020-05-21,Tamil Nadu,5882,87,13191
1634,2020-05-21,Telangana,1015,40,1661
1635,2020-05-21,Tripura,133,0,173
1636,2020-05-21,Uttarakhand,53,1,122
1637,2020-05-21,Uttar Pradesh,3066,127,5175
1638,2020-05-21,West Bengal,1136,253,3103
1639,2020-05-21,Cases being reassigned to states,0,0,1403
1640,2020-05-22,Andaman and Nicobar Islands,33,0,33
1641,2020-05-22,Andhra Pradesh,1709,53,2647
1642,2020-05-22,Arunachal Pradesh,1,0,1
1643,2020-05-22,Assam,54,4,203
1644,2020-05-22,Bihar,593,11,1982
1645,2020-05-22,Chandigarh,139,3,217
1646,2020-05-22,Chhattisgarh,59,0,128
1647,2020-05-22,Dadra and Nagar Haveli,0,0,1
1648,2020-05-22,Delhi,5567,194,11659
1649,2020-05-22,Goa,7,0,52
1650,2020-05-22,Gujarat,5488,773,12905
1651,2020-05-22,Haryana,681,15,1031
1652,2020-05-22,Himachal Pradesh,59,3,152
1653,2020-05-22,Jammu and Kashmir,684,20,1449
1654,2020-05-22,Jharkhand,129,3,290
1655,2020-05-22,Karnataka,571,41,1605
1656,2020-05-22,Kerala,510,4,690
1657,2020-05-22,Ladakh,43,0,44
1658,2020-05-22,Madhya Pradesh,2843,270,5981
1659,2020-05-22,Maharashtra,11726,1454,41642
1660,2020-05-22,Manipur,2,0,25
1661,2020-05-22,Meghalaya,12,1,14
1662,2020-05-22,Mizoram,1,0,1
1663,2020-05-22,Odisha,393,7,1103
1664,2020-05-22,Puducherry,10,0,20
1665,2020-05-22,Punjab,1819,39,2028
1666,2020-05-22,Rajasthan,3485,151,6227
1667,2020-05-22,Tamil Nadu,6282,94,13967
1668,2020-05-22,Telangana,1035,45,1699
1669,2020-05-22,Tripura,148,0,173
1670,2020-05-22,Uttarakhand,54,1,146
1671,2020-05-22,Uttar Pradesh,3204,138,5515
1672,2020-05-22,West Bengal,1193,259,3197
1673,2020-05-22,Cases being reassigned to states,0,0,1620
1674,2020-05-23,Andaman and Nicobar Islands,33,0,33
1675,2020-05-23,Andhra Pradesh,1763,55,2709
1676,2020-05-23,Arunachal Pradesh,1,0,1
1677,2020-05-23,Assam,54,4,259
1678,2020-05-23,Bihar,629,11,2177
1679,2020-05-23,Chandigarh,178,3,218
1680,2020-05-23,Chhattisgarh,62,0,172
1681,2020-05-23,Dadra and Nagar Haveli,0,0,1
1682,2020-05-23,Delhi,5897,208,12319
1683,2020-05-23,Goa,16,0,54
1684,2020-05-23,Gujarat,5880,802,13268
1685,2020-05-23,Haryana,706,16,1067
1686,2020-05-23,Himachal Pradesh,59,3,168
1687,2020-05-23,Jammu and Kashmir,720,20,1489
1688,2020-05-23,Jharkhand,136,3,308
1689,2020-05-23,Karnataka,597,41,1743
1690,2020-05-23,Kerala,512,4,732
1691,2020-05-23,Ladakh,43,0,44
1692,2020-05-23,Madhya Pradesh,3089,272,6170
1693,2020-05-23,Maharashtra,12583,1517,44582
1694,2020-05-23,Manipur,2,0,26
1695,2020-05-23,Meghalaya,12,1,14
1696,2020-05-23,Mizoram,1,0,1
1697,2020-05-23,Odisha,436,7,1189
1698,2020-05-23,Puducherry,10,0,26
1699,2020-05-23,Punjab,1847,39,2029
1700,2020-05-23,Rajasthan,3680,153,6494
1701,2020-05-23,Tamil Nadu,7128,98,14753
1702,2020-05-23,Telangana,1043,45,1761
1703,2020-05-23,Tripura,152,0,175
1704,2020-05-23,Uttarakhand,56,1,153
1705,2020-05-23,Uttar Pradesh,3238,152,5735
1706,2020-05-23,West Bengal,1221,265,3332
1707,2020-05-23,Cases being reassigned to states,0,0,1899
1708,2020-05-24,Andaman and Nicobar Islands,33,0,33
1709,2020-05-24,Andhra Pradesh,1809,56,2757
1710,2020-05-24,Arunachal Pradesh,1,0,1
1711,2020-05-24,Assam,55,4,329
1712,2020-05-24,Bihar,653,11,2380
1713,2020-05-24,Chandigarh,179,3,225
1714,2020-05-24,Chhattisgarh,64,0,214
1715,2020-05-24,Dadra and Nagar Haveli,0,0,2
1716,2020-05-24,Delhi,6267,231,12910
1717,2020-05-24,Goa,16,0,55
1718,2020-05-24,Gujarat,6169,829,13664
1719,2020-05-24,Haryana,750,16,1131
1720,2020-05-24,Himachal Pradesh,61,3,185
1721,2020-05-24,Jammu and Kashmir,774,21,1569
1722,2020-05-24,Jharkhand,141,4,350
1723,2020-05-24,Karnataka,608,42,1959
1724,2020-05-24,Kerala,515,4,795
1725,2020-05-24,Ladakh,43,0,49
1726,2020-05-24,Madhya Pradesh,3267,281,6371
1727,2020-05-24,Maharashtra,13404,1577,47190
1728,2020-05-24,Manipur,4,0,29
1729,2020-05-24,Meghalaya,12,1,14
1730,2020-05-24,Mizoram,1,0,1
1731,2020-05-24,Odisha,497,7,1269
1732,2020-05-24,Puducherry,10,0,26
1733,2020-05-24,Punjab,1870,39,2045
1734,2020-05-24,Rajasthan,3786,160,6742
1735,2020-05-24,Sikkim,0,0,1
1736,2020-05-24,Tamil Nadu,7491,103,15512
1737,2020-05-24,Telangana,1065,49,1813
1738,2020-05-24,Tripura,153,0,189
1739,2020-05-24,Uttarakhand,56,2,244
1740,2020-05-24,Uttar Pradesh,3406,155,6017
1741,2020-05-24,West Bengal,1281,269,3459
1742,2020-05-24,Cases being reassigned to states,0,0,2338
1743,2020-05-25,Andaman and Nicobar Islands,33,0,33
1744,2020-05-25,Andhra Pradesh,1856,56,2823
1745,2020-05-25,Arunachal Pradesh,1,0,1
1746,2020-05-25,Assam,55,4,378
1747,2020-05-25,Bihar,702,13,2587
1748,2020-05-25,Chandigarh,186,3,238
1749,2020-05-25,Chhattisgarh,67,0,252
1750,2020-05-25,Dadra and Nagar Haveli,0,0,2
1751,2020-05-25,Delhi,6540,261,13418
1752,2020-05-25,Goa,19,0,66
1753,2020-05-25,Gujarat,6412,858,14056
1754,2020-05-25,Haryana,765,16,1184
1755,2020-05-25,Himachal Pradesh,63,3,203
1756,2020-05-25,Jammu and Kashmir,809,21,1621
1757,2020-05-25,Jharkhand,148,4,370
1758,2020-05-25,Karnataka,654,42,2089
1759,2020-05-25,Kerala,521,4,847
1760,2020-05-25,Ladakh,43,0,52
1761,2020-05-25,Madhya Pradesh,3408,290,6665
1762,2020-05-25,Maharashtra,14600,1635,50231
1763,2020-05-25,Manipur,4,0,32
1764,2020-05-25,Meghalaya,12,1,14
1765,2020-05-25,Mizoram,1,0,1
1766,2020-05-25,Odisha,550,7,1336
1767,2020-05-25,Puducherry,12,0,41
1768,2020-05-25,Punjab,1898,40,2060
1769,2020-05-25,Rajasthan,3848,163,7028
1770,2020-05-25,Sikkim,0,0,1
1771,2020-05-25,Tamil Nadu,8324,111,16277
1772,2020-05-25,Telangana,1090,53,1854
1773,2020-05-25,Tripura,165,0,191
1774,2020-05-25,Uttarakhand,58,3,317
1775,2020-05-25,Uttar Pradesh,3538,161,6268
1776,2020-05-25,West Bengal,1339,272,3667
1777,2020-05-25,Cases being reassigned to states,0,0,2642
1778,2020-05-26,Andaman and Nicobar Islands,33,0,33
1779,2020-05-26,Andhra Pradesh,1896,56,3110
1780,2020-05-26,Arunachal Pradesh,1,0,2
1781,2020-05-26,Assam,62,4,526
1782,2020-05-26,Bihar,749,13,2730
1783,2020-05-26,Chandigarh,186,3,238
1784,2020-05-26,Chhattisgarh,72,0,291
1785,2020-05-26,Dadra and Nagar Haveli,0,0,2
1786,2020-05-26,Delhi,6771,276,14053
1787,2020-05-26,Goa,19,0,67
1788,2020-05-26,Gujarat,6636,888,14460
1789,2020-05-26,Haryana,765,16,1184
1790,2020-05-26,Himachal Pradesh,67,5,223
1791,2020-05-26,Jammu and Kashmir,809,23,1668
1792,2020-05-26,Jharkhand,148,4,377
1793,2020-05-26,Karnataka,705,44,2182
1794,2020-05-26,Kerala,532,5,896
1795,2020-05-26,Ladakh,43,0,52
1796,2020-05-26,Madhya Pradesh,3571,300,6859
1797,2020-05-26,Maharashtra,15786,1695,52667
1798,2020-05-26,Manipur,4,0,39
1799,2020-05-26,Meghalaya,12,1,14
1800,2020-05-26,Mizoram,1,0,1
1801,2020-05-26,Nagaland,0,0,3
1802,2020-05-26,Odisha,649,7,1438
1803,2020-05-26,Puducherry,12,0,41
1804,2020-05-26,Punjab,1898,40,2060
1805,2020-05-26,Rajasthan,3951,167,7300
1806,2020-05-26,Sikkim,0,0,1
1807,2020-05-26,Tamil Nadu,8731,118,17082
1808,2020-05-26,Telangana,1164,56,1920
1809,2020-05-26,Tripura,165,0,194
1810,2020-05-26,Uttarakhand,58,3,349
1811,2020-05-26,Uttar Pradesh,3581,165,6532
1812,2020-05-26,West Bengal,1414,278,3816
1813,2020-05-26,Cases being reassigned to states,0,0,2970
1814,2020-05-27,Andaman and Nicobar Islands,33,0,33
1815,2020-05-27,Andhra Pradesh,2009,57,3171
1816,2020-05-27,Arunachal Pradesh,1,0,2
1817,2020-05-27,Assam,62,4,616
1818,2020-05-27,Bihar,900,13,2983
1819,2020-05-27,Chandigarh,187,4,266
1820,2020-05-27,Chhattisgarh,79,0,361
1821,2020-05-27,Dadra and Nagar Haveli,0,0,2
1822,2020-05-27,Delhi,7223,288,14465
1823,2020-05-27,Goa,28,0,67
1824,2020-05-27,Gujarat,7139,915,14821
1825,2020-05-27,Haryana,824,17,1305
1826,2020-05-27,Himachal Pradesh,67,5,247
1827,2020-05-27,Jammu and Kashmir,833,24,1759
1828,2020-05-27,Jharkhand,175,4,426
1829,2020-05-27,Karnataka,748,44,2283
1830,2020-05-27,Kerala,542,6,963
1831,2020-05-27,Ladakh,43,0,53
1832,2020-05-27,Madhya Pradesh,3689,305,7024
1833,2020-05-27,Maharashtra,16954,1792,54758
1834,2020-05-27,Manipur,4,0,39
1835,2020-05-27,Meghalaya,12,1,15
1836,2020-05-27,Mizoram,1,0,1
1837,2020-05-27,Nagaland,0,0,4
1838,2020-05-27,Odisha,733,7,1517
1839,2020-05-27,Puducherry,12,0,46
1840,2020-05-27,Punjab,1918,40,2106
1841,2020-05-27,Rajasthan,4171,170,7536
1842,2020-05-27,Sikkim,0,0,1
1843,2020-05-27,Tamil Nadu,9342,127,17728
1844,2020-05-27,Telangana,1284,57,1991
1845,2020-05-27,Tripura,165,0,207
1846,2020-05-27,Uttarakhand,64,4,401
1847,2020-05-27,Uttar Pradesh,3698,170,6548
1848,2020-05-27,West Bengal,1486,283,4009
1849,2020-05-27,Cases being reassigned to states,0,0,4013
1850,2020-05-28,Andaman and Nicobar Islands,33,0,33
1851,2020-05-28,Andhra Pradesh,2057,58,3171
1852,2020-05-28,Arunachal Pradesh,1,0,2
1853,2020-05-28,Assam,87,4,781
1854,2020-05-28,Bihar,1083,15,3061
1855,2020-05-28,Chandigarh,187,4,279
1856,2020-05-28,Chhattisgarh,83,0,369
1857,2020-05-28,Dadra and Nagar Haveli,0,0,2
1858,2020-05-28,Delhi,7264,303,15257
1859,2020-05-28,Goa,37,0,68
1860,2020-05-28,Gujarat,7549,938,15195
1861,2020-05-28,Haryana,838,18,1381
1862,2020-05-28,Himachal Pradesh,70,5,273
1863,2020-05-28,Jammu and Kashmir,854,26,1921
1864,2020-05-28,Jharkhand,185,4,448
1865,2020-05-28,Karnataka,781,47,2418
1866,2020-05-28,Kerala,552,7,1004
1867,2020-05-28,Ladakh,43,0,53
1868,2020-05-28,Madhya Pradesh,3927,313,7261
1869,2020-05-28,Maharashtra,17918,1897,56948
1870,2020-05-28,Manipur,4,0,44
1871,2020-05-28,Meghalaya,12,1,20
1872,2020-05-28,Mizoram,1,0,1
1873,2020-05-28,Nagaland,0,0,4
1874,2020-05-28,Odisha,733,7,1593
1875,2020-05-28,Puducherry,12,0,46
1876,2020-05-28,Punjab,1918,40,2139
1877,2020-05-28,Rajasthan,4457,173,7703
1878,2020-05-28,Sikkim,0,0,1
1879,2020-05-28,Tamil Nadu,9909,133,18545
1880,2020-05-28,Telangana,1284,63,2098
1881,2020-05-28,Tripura,165,0,230
1882,2020-05-28,Uttarakhand,79,4,469
1883,2020-05-28,Uttar Pradesh,3991,182,6991
1884,2020-05-28,West Bengal,1578,289,4192
1885,2020-05-28,Cases being reassigned to states,0,0,4332
1886,2020-05-29,Andaman and Nicobar Islands,33,0,33
1887,2020-05-29,Andhra Pradesh,2125,59,3251
1888,2020-05-29,Arunachal Pradesh,1,0,3
1889,2020-05-29,Assam,104,4,856
1890,2020-05-29,Bihar,1211,15,3296
1891,2020-05-29,Chandigarh,189,4,288
1892,2020-05-29,Chhattisgarh,83,0,399
1893,2020-05-29,Dadra and Nagar Haveli,0,0,2
1894,2020-05-29,Delhi,7495,316,16281
1895,2020-05-29,Goa,38,0,69
1896,2020-05-29,Gujarat,8003,960,15562
1897,2020-05-29,Haryana,881,19,1504
1898,2020-05-29,Himachal Pradesh,70,5,276
1899,2020-05-29,Jammu and Kashmir,859,27,2036
1900,2020-05-29,Jharkhand,212,4,469
1901,2020-05-29,Karnataka,834,47,2533
1902,2020-05-29,Kerala,555,7,1088
1903,2020-05-29,Ladakh,43,0,73
1904,2020-05-29,Madhya Pradesh,4050,321,7453
1905,2020-05-29,Maharashtra,18616,1982,59546
1906,2020-05-29,Manipur,5,0,55
1907,2020-05-29,Meghalaya,12,1,21
1908,2020-05-29,Mizoram,1,0,1
1909,2020-05-29,Nagaland,0,0,18
1910,2020-05-29,Odisha,887,7,1660
1911,2020-05-29,Puducherry,14,0,51
1912,2020-05-29,Punjab,1946,40,2158
1913,2020-05-29,Rajasthan,4817,180,8067
1914,2020-05-29,Sikkim,0,0,1
1915,2020-05-29,Tamil Nadu,10548,145,19372
1916,2020-05-29,Telangana,1345,67,2256
1917,2020-05-29,Tripura,167,0,242
1918,2020-05-29,Uttarakhand,79,4,500
1919,2020-05-29,Uttar Pradesh,4215,197,7170
1920,2020-05-29,West Bengal,1668,295,4536
1921,2020-05-29,Cases being reassigned to states,0,0,4673
1922,2020-05-30,Andaman and Nicobar Islands,33,0,33
1923,2020-05-30,Andhra Pradesh,2226,60,3436
1924,2020-05-30,Arunachal Pradesh,1,0,3
1925,2020-05-30,Assam,125,4,1024
1926,2020-05-30,Bihar,1211,15,3376
1927,2020-05-30,Chandigarh,189,4,289
1928,2020-05-30,Chhattisgarh,100,1,415
1929,2020-05-30,Dadra and Nagar Haveli,0,0,2
1930,2020-05-30,Delhi,7846,398,17386
1931,2020-05-30,Goa,41,0,69
1932,2020-05-30,Gujarat,8611,980,15934
1933,2020-05-30,Haryana,940,19,1721
1934,2020-05-30,Himachal Pradesh,87,5,295
1935,2020-05-30,Jammu and Kashmir,875,28,2164
1936,2020-05-30,Jharkhand,216,5,511
1937,2020-05-30,Karnataka,894,48,2781
1938,2020-05-30,Kerala,565,8,1150
1939,2020-05-30,Ladakh,43,0,74
1940,2020-05-30,Madhya Pradesh,4269,334,7645
1941,2020-05-30,Maharashtra,26997,2098,62228
1942,2020-05-30,Manipur,8,0,59
1943,2020-05-30,Meghalaya,12,1,27
1944,2020-05-30,Mizoram,1,0,1
1945,2020-05-30,Nagaland,0,0,25
1946,2020-05-30,Odisha,887,7,1723
1947,2020-05-30,Puducherry,14,0,51
1948,2020-05-30,Punjab,1949,42,2197
1949,2020-05-30,Rajasthan,5244,184,8365
1950,2020-05-30,Sikkim,0,0,1
1951,2020-05-30,Tamil Nadu,11313,154,20246
1952,2020-05-30,Telangana,1381,71,2425
1953,2020-05-30,Tripura,171,0,251
1954,2020-05-30,Uttarakhand,102,5,716
1955,2020-05-30,Uttar Pradesh,4244,198,7284
1956,2020-05-30,West Bengal,1775,302,4813
1957,2020-05-30,Cases being reassigned to states,0,0,5043
1958,2020-05-31,Andaman and Nicobar Islands,33,0,33
1959,2020-05-31,Andhra Pradesh,2289,60,3569
1960,2020-05-31,Arunachal Pradesh,1,0,4
1961,2020-05-31,Assam,163,4,1185
1962,2020-05-31,Bihar,1618,20,3636
1963,2020-05-31,Chandigarh,189,4,289
1964,2020-05-31,Chhattisgarh,102,1,447
1965,2020-05-31,Dadra and Nagar Haveli,0,0,2
1966,2020-05-31,Delhi,8075,416,18549
1967,2020-05-31,Goa,41,0,70
1968,2020-05-31,Gujarat,9230,1007,16343
1969,2020-05-31,Haryana,971,20,1923
1970,2020-05-31,Himachal Pradesh,111,5,313
1971,2020-05-31,Jammu and Kashmir,908,28,2341
1972,2020-05-31,Jharkhand,256,5,563
1973,2020-05-31,Karnataka,997,48,2922
1974,2020-05-31,Kerala,575,9,1208
1975,2020-05-31,Ladakh,43,0,74
1976,2020-05-31,Madhya Pradesh,4444,343,7891
1977,2020-05-31,Maharashtra,28081,2197,65168
1978,2020-05-31,Manipur,8,0,62
1979,2020-05-31,Meghalaya,12,1,27
1980,2020-05-31,Mizoram,1,0,1
1981,2020-05-31,Nagaland,0,0,36
1982,2020-05-31,Odisha,1050,7,1819
1983,2020-05-31,Puducherry,14,0,51
1984,2020-05-31,Punjab,1967,44,2233
1985,2020-05-31,Rajasthan,5739,193,8617
1986,2020-05-31,Sikkim,0,0,1
1987,2020-05-31,Tamil Nadu,12000,160,21184
1988,2020-05-31,Telangana,1412,77,2499
1989,2020-05-31,Tripura,172,0,268
1990,2020-05-31,Uttarakhand,102,5,749
1991,2020-05-31,Uttar Pradesh,4410,201,7445
1992,2020-05-31,West Bengal,1970,309,5130
1993,2020-05-31,Cases being reassigned to states,0,0,5491
1994,2020-06-01,Andaman and Nicobar Islands,33,0,33
1995,2020-06-01,Andhra Pradesh,2349,62,3679
1996,2020-06-01,Arunachal Pradesh,1,0,4
1997,2020-06-01,Assam,185,4,1272
1998,2020-06-01,Bihar,1710,21,3815
1999,2020-06-01,Chandigarh,199,4,293
2000,2020-06-01,Chhattisgarh,115,1,498
2001,2020-06-01,Dadra and Nagar Haveli,0,0,2
2002,2020-06-01,Delhi,8478,473,19844
2003,2020-06-01,Goa,42,0,70
2004,2020-06-01,Gujarat,9919,1038,16779
2005,2020-06-01,Haryana,1048,20,2091
2006,2020-06-01,Himachal Pradesh,120,5,331
2007,2020-06-01,Jammu and Kashmir,927,28,2446
2008,2020-06-01,Jharkhand,256,5,610
2009,2020-06-01,Karnataka,1218,51,3221
2010,2020-06-01,Kerala,590,9,1269
2011,2020-06-01,Ladakh,43,0,74
2012,2020-06-01,Madhya Pradesh,4842,350,8089
2013,2020-06-01,Maharashtra,29329,2286,67655
2014,2020-06-01,Manipur,11,0,71
2015,2020-06-01,Meghalaya,12,1,27
2016,2020-06-01,Mizoram,1,0,1
2017,2020-06-01,Nagaland,0,0,43
2018,2020-06-01,Odisha,1126,7,1948
2019,2020-06-01,Puducherry,25,0,70
2020,2020-06-01,Punjab,1987,45,2263
2021,2020-06-01,Rajasthan,5927,194,8831
2022,2020-06-01,Sikkim,0,0,1
2023,2020-06-01,Tamil Nadu,12757,173,22333
2024,2020-06-01,Telangana,1428,82,2698
2025,2020-06-01,Tripura,173,0,313
2026,2020-06-01,Uttarakhand,102,5,907
2027,2020-06-01,Uttar Pradesh,4709,213,7823
2028,2020-06-01,West Bengal,2157,317,5501
2029,2020-06-01,Cases being reassigned to states,0,0,5630
2030,2020-06-02,Andaman and Nicobar Islands,33,0,33
2031,2020-06-02,Andhra Pradesh,2378,64,3783
2032,2020-06-02,Arunachal Pradesh,1,0,22
2033,2020-06-02,Assam,277,4,1390
2034,2020-06-02,Bihar,1900,24,3926
2035,2020-06-02,Chandigarh,199,4,294
2036,2020-06-02,Chhattisgarh,122,1,547
2037,2020-06-02,Dadra and Nagar Haveli,1,0,3
2038,2020-06-02,Delhi,8746,523,20834
2039,2020-06-02,Goa,42,0,71
2040,2020-06-02,Gujarat,10780,1063,17200
2041,2020-06-02,Haryana,1055,21,2356
2042,2020-06-02,Himachal Pradesh,122,5,340
2043,2020-06-02,Jammu and Kashmir,946,31,2601
2044,2020-06-02,Jharkhand,296,5,659
2045,2020-06-02,Karnataka,1328,52,3408
2046,2020-06-02,Kerala,608,10,1326
2047,2020-06-02,Ladakh,43,0,77
2048,2020-06-02,Madhya Pradesh,5003,358,8283
2049,2020-06-02,Maharashtra,30108,2362,70013
2050,2020-06-02,Manipur,11,0,83
2051,2020-06-02,Meghalaya,12,1,27
2052,2020-06-02,Mizoram,1,0,1
2053,2020-06-02,Nagaland,0,0,43
2054,2020-06-02,Odisha,1245,7,2104
2055,2020-06-02,Puducherry,25,0,74
2056,2020-06-02,Punjab,2000,45,2301
2057,2020-06-02,Rajasthan,6040,198,8980
2058,2020-06-02,Sikkim,0,0,1
2059,2020-06-02,Tamil Nadu,13170,184,23495
2060,2020-06-02,Telangana,1491,88,2792
2061,2020-06-02,Tripura,173,0,420
2062,2020-06-02,Uttarakhand,222,6,958
2063,2020-06-02,Uttar Pradesh,4843,217,8075
2064,2020-06-02,West Bengal,2306,325,5772
2065,2020-06-02,Cases being reassigned to states,0,0,6414
2066,2020-06-03,Andaman and Nicobar Islands,33,0,33
2067,2020-06-03,Andhra Pradesh,2421,64,3898
2068,2020-06-03,Arunachal Pradesh,1,0,22
2069,2020-06-03,Assam,324,4,1513
2070,2020-06-03,Bihar,1946,24,4155
2071,2020-06-03,Chandigarh,214,5,301
2072,2020-06-03,Chhattisgarh,130,1,564
2073,2020-06-03,Dadra and Nagar Haveli,1,0,4
2074,2020-06-03,Delhi,9243,556,22132
2075,2020-06-03,Goa,57,0,79
2076,2020-06-03,Gujarat,11894,1092,17617
2077,2020-06-03,Haryana,1069,23,2652
2078,2020-06-03,Himachal Pradesh,140,5,345
2079,2020-06-03,Jammu and Kashmir,953,33,2718
2080,2020-06-03,Jharkhand,320,5,712
2081,2020-06-03,Karnataka,1403,52,3796
2082,2020-06-03,Kerala,627,11,1412
2083,2020-06-03,Ladakh,47,1,81
2084,2020-06-03,Madhya Pradesh,5221,364,8420
2085,2020-06-03,Maharashtra,31333,2465,72300
2086,2020-06-03,Manipur,14,0,89
2087,2020-06-03,Meghalaya,12,1,27
2088,2020-06-03,Mizoram,1,0,13
2089,2020-06-03,Nagaland,0,0,49
2090,2020-06-03,Odisha,1325,7,2245
2091,2020-06-03,Puducherry,25,0,82
2092,2020-06-03,Punjab,2017,46,2342
2093,2020-06-03,Rajasthan,6435,203,9373
2094,2020-06-03,Sikkim,0,0,1
2095,2020-06-03,Tamil Nadu,13706,197,24586
2096,2020-06-03,Telangana,1526,92,2891
2097,2020-06-03,Tripura,173,0,468
2098,2020-06-03,Uttarakhand,252,7,1043
2099,2020-06-03,Uttar Pradesh,5030,222,8361
2100,2020-06-03,West Bengal,2410,335,6168
2101,2020-06-03,Cases being reassigned to states,0,0,7123
2102,2020-06-04,Andaman and Nicobar Islands,33,0,33
2103,2020-06-04,Andhra Pradesh,2466,68,4080
2104,2020-06-04,Arunachal Pradesh,1,0,38
2105,2020-06-04,Assam,413,4,1672
2106,2020-06-04,Bihar,2077,25,4390
2107,2020-06-04,Chandigarh,214,5,301
2108,2020-06-04,Chhattisgarh,188,2,668
2109,2020-06-04,Dadra and Nagar Haveli,1,0,8
2110,2020-06-04,Delhi,9542,606,23645
2111,2020-06-04,Goa,57,0,79
2112,2020-06-04,Gujarat,12212,1122,18100
2113,2020-06-04,Haryana,1089,23,2954
2114,2020-06-04,Himachal Pradesh,150,5,359
2115,2020-06-04,Jammu and Kashmir,1007,34,2857
2116,2020-06-04,Jharkhand,321,5,752
2117,2020-06-04,Karnataka,1514,53,4063
2118,2020-06-04,Kerala,651,11,1494
2119,2020-06-04,Ladakh,48,1,90
2120,2020-06-04,Madhya Pradesh,5445,371,8588
2121,2020-06-04,Maharashtra,32329,2587,74860
2122,2020-06-04,Manipur,38,0,118
2123,2020-06-04,Meghalaya,13,1,33
2124,2020-06-04,Mizoram,1,0,14
2125,2020-06-04,Nagaland,0,0,58
2126,2020-06-04,Odisha,1416,7,2388
2127,2020-06-04,Puducherry,25,0,82
2128,2020-06-04,Punjab,2029,47,2376
2129,2020-06-04,Rajasthan,6744,209,9652
2130,2020-06-04,Sikkim,0,0,2
2131,2020-06-04,Tamil Nadu,14316,208,25872
2132,2020-06-04,Telangana,1556,99,3020
2133,2020-06-04,Tripura,173,0,468
2134,2020-06-04,Uttarakhand,282,8,1085
2135,2020-06-04,Uttar Pradesh,5176,229,8729
2136,2020-06-04,West Bengal,2580,345,6508
2137,2020-06-04,Cases being reassigned to states,0,0,7483
2138,2020-06-05,Andaman and Nicobar Islands,33,0,33
2139,2020-06-05,Andhra Pradesh,2539,71,4223
2140,2020-06-05,Arunachal Pradesh,1,0,42
2141,2020-06-05,Assam,442,4,1988
2142,2020-06-05,Bihar,2210,29,4493
2143,2020-06-05,Chandigarh,214,5,301
2144,2020-06-05,Chhattisgarh,213,2,756
2145,2020-06-05,Dadra and Nagar Haveli,1,0,12
2146,2020-06-05,Delhi,9898,650,25004
2147,2020-06-05,Goa,57,0,166
2148,2020-06-05,Gujarat,12667,1155,18584
2149,2020-06-05,Haryana,2134,24,3281
2150,2020-06-05,Himachal Pradesh,179,5,383
2151,2020-06-05,Jammu and Kashmir,1048,35,3142
2152,2020-06-05,Jharkhand,354,6,793
2153,2020-06-05,Karnataka,1610,57,4320
2154,2020-06-05,Kerala,690,14,1588
2155,2020-06-05,Ladakh,48,1,90
2156,2020-06-05,Madhya Pradesh,5637,377,8762
2157,2020-06-05,Maharashtra,33681,2710,77793
2158,2020-06-05,Manipur,38,0,124
2159,2020-06-05,Meghalaya,13,1,33
2160,2020-06-05,Mizoram,1,0,17
2161,2020-06-05,Nagaland,0,0,80
2162,2020-06-05,Odisha,1416,7,2478
2163,2020-06-05,Puducherry,25,0,82
2164,2020-06-05,Punjab,2043,47,2415
2165,2020-06-05,Rajasthan,7104,213,9862
2166,2020-06-05,Sikkim,0,0,2
2167,2020-06-05,Tamil Nadu,14902,220,27256
2168,2020-06-05,Telangana,1587,105,3147
2169,2020-06-05,Tripura,173,0,644
2170,2020-06-05,Uttarakhand,297,10,1153
2171,2020-06-05,Uttar Pradesh,5439,245,9237
2172,2020-06-05,West Bengal,2768,355,6876
2173,2020-06-05,Cases being reassigned to states,0,0,7610
2174,2020-06-06,Andaman and Nicobar Islands,33,0,33
2175,2020-06-06,Andhra Pradesh,2576,73,4303
2176,2020-06-06,Arunachal Pradesh,1,0,45
2177,2020-06-06,Assam,498,4,2153
2178,2020-06-06,Bihar,2225,29,4596
2179,2020-06-06,Chandigarh,222,5,304
2180,2020-06-06,Chhattisgarh,244,2,879
2181,2020-06-06,Dadra and Nagar Haveli,1,0,14
2182,2020-06-06,Delhi,10315,708,26334
2183,2020-06-06,Goa,65,0,196
2184,2020-06-06,Gujarat,13003,1190,19094
2185,2020-06-06,Haryana,2134,24,3597
2186,2020-06-06,Himachal Pradesh,189,5,393
2187,2020-06-06,Jammu and Kashmir,1086,36,3324
2188,2020-06-06,Jharkhand,410,7,881
2189,2020-06-06,Karnataka,1688,57,4835
2190,2020-06-06,Kerala,712,14,1699
2191,2020-06-06,Ladakh,48,1,97
2192,2020-06-06,Madhya Pradesh,5878,384,8996
2193,2020-06-06,Maharashtra,35156,2849,80229
2194,2020-06-06,Manipur,41,0,132
2195,2020-06-06,Meghalaya,13,1,33
2196,2020-06-06,Mizoram,1,0,22
2197,2020-06-06,Nagaland,0,0,94
2198,2020-06-06,Odisha,1604,8,2608
2199,2020-06-06,Puducherry,36,0,99
2200,2020-06-06,Punjab,2069,48,2461
2201,2020-06-06,Rajasthan,7359,218,10084
2202,2020-06-06,Sikkim,0,0,3
2203,2020-06-06,Tamil Nadu,15762,232,28694
2204,2020-06-06,Telangana,1627,113,3290
2205,2020-06-06,Tripura,173,0,692
2206,2020-06-06,Uttarakhand,344,11,1215
2207,2020-06-06,Uttar Pradesh,5648,257,9733
2208,2020-06-06,West Bengal,2912,366,7303
2209,2020-06-06,Cases being reassigned to states,0,0,8192
2210,2020-06-07,Andaman and Nicobar Islands,33,0,33
2211,2020-06-07,Andhra Pradesh,2620,73,4510
2212,2020-06-07,Arunachal Pradesh,1,0,47
2213,2020-06-07,Assam,547,4,2397
2214,2020-06-07,Bihar,2425,30,4915
2215,2020-06-07,Chandigarh,273,5,309
2216,2020-06-07,Chhattisgarh,266,4,923
2217,2020-06-07,Dadra and Nagar Haveli,1,0,19
2218,2020-06-07,Delhi,10664,761,27654
2219,2020-06-07,Goa,65,0,267
2220,2020-06-07,Gujarat,13316,1219,19592
2221,2020-06-07,Haryana,2134,24,3952
2222,2020-06-07,Himachal Pradesh,194,5,400
2223,2020-06-07,Jammu and Kashmir,1126,39,3467
2224,2020-06-07,Jharkhand,473,7,1000
2225,2020-06-07,Karnataka,1968,59,5213
2226,2020-06-07,Kerala,762,15,1807
2227,2020-06-07,Ladakh,48,1,99
2228,2020-06-07,Madhya Pradesh,6108,399,9228
2229,2020-06-07,Maharashtra,37390,2969,82968
2230,2020-06-07,Manipur,52,0,157
2231,2020-06-07,Meghalaya,13,1,33
2232,2020-06-07,Mizoram,1,0,24
2233,2020-06-07,Nagaland,0,0,107
2234,2020-06-07,Odisha,1716,8,2781
2235,2020-06-07,Puducherry,36,0,99
2236,2020-06-07,Punjab,2092,50,2515
2237,2020-06-07,Rajasthan,7501,231,10331
2238,2020-06-07,Sikkim,0,0,7
2239,2020-06-07,Tamil Nadu,16395,251,30152
2240,2020-06-07,Telangana,1710,123,3496
2241,2020-06-07,Tripura,173,0,747
2242,2020-06-07,Uttarakhand,423,11,1303
2243,2020-06-07,Uttar Pradesh,5648,257,9733
2244,2020-06-07,West Bengal,3119,383,7738
2245,2020-06-07,Cases being reassigned to states,0,0,8605
2246,2020-06-08,Andaman and Nicobar Islands,33,0,33
2247,2020-06-08,Andhra Pradesh,2682,75,4708
2248,2020-06-08,Arunachal Pradesh,1,0,51
2249,2020-06-08,Assam,615,4,2565
2250,2020-06-08,Bihar,2480,30,5088
2251,2020-06-08,Chandigarh,273,5,314
2252,2020-06-08,Chhattisgarh,283,4,1073
2253,2020-06-08,Dadra and Nagar Haveli,2,0,20
2254,2020-06-08,Delhi,10664,761,27654
2255,2020-06-08,Goa,65,0,300
2256,2020-06-08,Gujarat,13635,1249,20070
2257,2020-06-08,Haryana,2134,28,4448
2258,2020-06-08,Himachal Pradesh,224,5,413
2259,2020-06-08,Jammu and Kashmir,1216,41,4087
2260,2020-06-08,Jharkhand,490,7,1099
2261,2020-06-08,Karnataka,2132,61,5452
2262,2020-06-08,Kerala,803,15,1914
2263,2020-06-08,Ladakh,50,1,103
2264,2020-06-08,Madhya Pradesh,6331,412,9401
2265,2020-06-08,Maharashtra,39314,3060,85975
2266,2020-06-08,Manipur,52,0,172
2267,2020-06-08,Meghalaya,13,1,36
2268,2020-06-08,Mizoram,1,0,34
2269,2020-06-08,Nagaland,8,0,118
2270,2020-06-08,Odisha,1894,9,2856
2271,2020-06-08,Puducherry,36,0,99
2272,2020-06-08,Punjab,2106,51,2608
2273,2020-06-08,Rajasthan,7641,240,10599
2274,2020-06-08,Sikkim,0,0,7
2275,2020-06-08,Tamil Nadu,16999,269,31667
2276,2020-06-08,Telangana,1710,123,3580
2277,2020-06-08,Tripura,192,0,800
2278,2020-06-08,Uttarakhand,528,13,1355
2279,2020-06-08,Uttar Pradesh,6185,275,10536
2280,2020-06-08,West Bengal,3303,396,8187
2281,2020-06-08,Cases being reassigned to states,0,0,9189
2282,2020-06-09,Andaman and Nicobar Islands,33,0,33
2283,2020-06-09,Andhra Pradesh,2745,75,4851
2284,2020-06-09,Arunachal Pradesh,1,0,51
2285,2020-06-09,Assam,665,4,2776
2286,2020-06-09,Bihar,2499,31,5202
2287,2020-06-09,Chandigarh,273,5,317
2288,2020-06-09,Chhattisgarh,308,4,1160
2289,2020-06-09,Dadra and Nagar Haveli,2,0,22
2290,2020-06-09,Delhi,11357,874,29943
2291,2020-06-09,Goa,67,0,330
2292,2020-06-09,Gujarat,13956,1280,20545
2293,2020-06-09,Haryana,2134,39,4854
2294,2020-06-09,Himachal Pradesh,227,5,421
2295,2020-06-09,Jammu and Kashmir,1324,45,4285
2296,2020-06-09,Jharkhand,519,7,1256
2297,2020-06-09,Karnataka,2519,64,5760
2298,2020-06-09,Kerala,814,16,2005
2299,2020-06-09,Ladakh,52,1,103
2300,2020-06-09,Madhya Pradesh,6536,414,9638
2301,2020-06-09,Maharashtra,40975,3169,88528
2302,2020-06-09,Manipur,58,0,272
2303,2020-06-09,Meghalaya,13,1,36
2304,2020-06-09,Mizoram,1,0,42
2305,2020-06-09,Nagaland,8,0,123
2306,2020-06-09,Odisha,1993,9,2994
2307,2020-06-09,Puducherry,52,0,127
2308,2020-06-09,Punjab,2128,53,2663
2309,2020-06-09,Rajasthan,8004,246,10763
2310,2020-06-09,Sikkim,0,0,7
2311,2020-06-09,Tamil Nadu,17527,286,33229
2312,2020-06-09,Telangana,1710,137,3650
2313,2020-06-09,Tripura,192,0,838
2314,2020-06-09,Uttarakhand,714,13,1411
2315,2020-06-09,Uttar Pradesh,6344,283,10947
2316,2020-06-09,West Bengal,3465,405,8613
2317,2020-06-09,Cases being reassigned to states,0,0,8803
2318,2020-06-10,Andaman and Nicobar Islands,33,0,33
2319,2020-06-10,Andhra Pradesh,2802,77,5070
2320,2020-06-10,Arunachal Pradesh,1,0,57
2321,2020-06-10,Assam,1085,4,2937
2322,2020-06-10,Bihar,2864,32,5459
2323,2020-06-10,Chandigarh,286,5,323
2324,2020-06-10,Chhattisgarh,386,6,1240
2325,2020-06-10,Dadra and Nagar Haveli,2,0,22
2326,2020-06-10,Delhi,11861,905,31309
2327,2020-06-10,Goa,67,0,359
2328,2020-06-10,Gujarat,14365,1313,21014
2329,2020-06-10,Haryana,2134,45,5209
2330,2020-06-10,Himachal Pradesh,249,5,445
2331,2020-06-10,Jammu and Kashmir,1506,48,4346
2332,2020-06-10,Jharkhand,559,8,1411
2333,2020-06-10,Karnataka,2604,66,5921
2334,2020-06-10,Kerala,848,16,2096
2335,2020-06-10,Ladakh,52,1,108
2336,2020-06-10,Madhya Pradesh,6729,420,9849
2337,2020-06-10,Maharashtra,42638,3289,90787
2338,2020-06-10,Manipur,61,0,304
2339,2020-06-10,Meghalaya,13,1,43
2340,2020-06-10,Mizoram,1,0,88
2341,2020-06-10,Nagaland,10,0,127
2342,2020-06-10,Odisha,2133,9,3140
2343,2020-06-10,Puducherry,52,0,127
2344,2020-06-10,Punjab,2167,55,2719
2345,2020-06-10,Rajasthan,8328,255,11245
2346,2020-06-10,Sikkim,0,0,13
2347,2020-06-10,Tamil Nadu,18325,307,34914
2348,2020-06-10,Telangana,1809,148,3920
2349,2020-06-10,Tripura,192,1,864
2350,2020-06-10,Uttarakhand,755,13,1537
2351,2020-06-10,Uttar Pradesh,6669,301,11335
2352,2020-06-10,West Bengal,3620,415,8985
2353,2020-06-10,Cases being reassigned to states,0,0,9227
2354,2020-06-11,Andaman and Nicobar Islands,33,0,34
2355,2020-06-11,Andhra Pradesh,2899,78,5269
2356,2020-06-11,Arunachal Pradesh,2,0,57
2357,2020-06-11,Assam,1249,4,3092
2358,2020-06-11,Bihar,3071,33,5710
2359,2020-06-11,Chandigarh,286,5,327
2360,2020-06-11,Chhattisgarh,402,6,1262
2361,2020-06-11,Dadra and Nagar Haveli,2,0,26
2362,2020-06-11,Daman & Diu,0,0,2
2363,2020-06-11,Delhi,12245,984,32810
2364,2020-06-11,Goa,67,0,387
2365,2020-06-11,Gujarat,14735,1347,21521
2366,2020-06-11,Haryana,2188,52,5579
2367,2020-06-11,Himachal Pradesh,254,6,451
2368,2020-06-11,Jammu and Kashmir,1671,51,4507
2369,2020-06-11,Jharkhand,592,8,1489
2370,2020-06-11,Karnataka,2862,69,6041
2371,2020-06-11,Kerala,905,18,2161
2372,2020-06-11,Ladakh,52,1,115
2373,2020-06-11,Madhya Pradesh,6892,427,10049
2374,2020-06-11,Maharashtra,44517,3438,94041
2375,2020-06-11,Manipur,63,0,311
2376,2020-06-11,Meghalaya,13,1,44
2377,2020-06-11,Mizoram,1,0,93
2378,2020-06-11,Nagaland,22,0,128
2379,2020-06-11,Odisha,2282,9,3250
2380,2020-06-11,Puducherry,53,0,127
2381,2020-06-11,Punjab,2232,55,2805
2382,2020-06-11,Rajasthan,8569,259,11600
2383,2020-06-11,Sikkim,0,0,13
2384,2020-06-11,Tamil Nadu,19333,326,36841
2385,2020-06-11,Telangana,1817,156,4111
2386,2020-06-11,Tripura,239,1,895
2387,2020-06-11,Uttarakhand,831,15,1562
2388,2020-06-11,Uttar Pradesh,6871,321,11610
2389,2020-06-11,West Bengal,3779,432,9328
2390,2020-06-11,Cases being reassigned to states,0,0,8931
